date,open,high,low,close,volume
2023-03-01 09:15:00+05:30,17360.1,17409.2,17353.45,17369.75,0
2023-03-01 09:30:00+05:30,17368.35,17421.75,17362.75,17405.45,0
2023-03-01 09:45:00+05:30,17405.75,17420.65,17384.6,17389.4,0
2023-03-01 10:00:00+05:30,17390.45,17420.95,17390.4,17404.15,0
2023-03-01 10:15:00+05:30,17404.6,17420.5,17389.55,17420.0,0
2023-03-01 10:30:00+05:30,17418.35,17427.0,17403.95,17418.5,0
2023-03-01 10:45:00+05:30,17418.2,17421.0,17409.5,17419.5,0
2023-03-01 11:00:00+05:30,17419.5,17430.55,17409.7,17430.5,0
2023-03-01 11:15:00+05:30,17430.85,17436.5,17423.95,17427.65,0
2023-03-01 11:30:00+05:30,17428.45,17441.2,17417.5,17429.25,0
2023-03-01 11:45:00+05:30,17429.45,17429.45,17421.7,17427.4,0
2023-03-01 12:00:00+05:30,17427.95,17431.15,17406.7,17407.8,0
2023-03-01 12:15:00+05:30,17407.55,17419.55,17393.6,17417.35,0
2023-03-01 12:30:00+05:30,17417.55,17422.75,17401.75,17417.3,0
2023-03-01 12:45:00+05:30,17417.35,17429.75,17416.5,17422.05,0
2023-03-01 13:00:00+05:30,17422.3,17423.95,17410.8,17414.25,0
2023-03-01 13:15:00+05:30,17415.2,17421.45,17401.8,17421.15,0
2023-03-01 13:30:00+05:30,17420.9,17422.05,17408.6,17420.55,0
2023-03-01 13:45:00+05:30,17421.65,17445.05,17415.4,17423.8,0
2023-03-01 14:00:00+05:30,17423.4,17442.9,17423.0,17442.9,0
2023-03-01 14:15:00+05:30,17442.4,17448.25,17428.55,17445.75,0
2023-03-01 14:30:00+05:30,17446.15,17466.15,17446.15,17465.55,0
2023-03-01 14:45:00+05:30,17466.05,17467.5,17450.1,17451.1,0
2023-03-01 15:00:00+05:30,17451.2,17461.55,17442.9,17447.1,0
2023-03-01 15:15:00+05:30,17447.15,17459.4,17445.9,17457.85,0
2023-03-02 09:15:00+05:30,17421.5,17444.55,17372.7,17377.1,0
2023-03-02 09:30:00+05:30,17375.75,17393.55,17364.15,17388.15,0
2023-03-02 09:45:00+05:30,17388.75,17393.45,17348.0,17348.0,0
2023-03-02 10:00:00+05:30,17346.7,17374.2,17344.45,17353.8,0
2023-03-02 10:15:00+05:30,17354.5,17373.75,17345.7,17370.75,0
2023-03-02 10:30:00+05:30,17371.4,17387.55,17371.3,17382.95,0
2023-03-02 10:45:00+05:30,17382.85,17388.0,17356.15,17365.9,0
2023-03-02 11:00:00+05:30,17365.65,17379.25,17358.1,17376.1,0
2023-03-02 11:15:00+05:30,17376.05,17380.95,17363.0,17373.0,0
2023-03-02 11:30:00+05:30,17373.45,17380.45,17369.45,17376.05,0
2023-03-02 11:45:00+05:30,17375.5,17384.1,17373.95,17383.05,0
2023-03-02 12:00:00+05:30,17382.35,17401.8,17381.25,17386.8,0
2023-03-02 12:15:00+05:30,17387.35,17391.8,17370.7,17378.85,0
2023-03-02 12:30:00+05:30,17379.45,17386.75,17377.05,17377.8,0
2023-03-02 12:45:00+05:30,17377.6,17388.3,17370.55,17372.1,0
2023-03-02 13:00:00+05:30,17372.1,17383.5,17350.6,17350.6,0
2023-03-02 13:15:00+05:30,17350.75,17368.15,17348.85,17353.85,0
2023-03-02 13:30:00+05:30,17353.05,17355.75,17316.05,17316.05,0
2023-03-02 13:45:00+05:30,17316.0,17326.75,17313.4,17320.9,0
2023-03-02 14:00:00+05:30,17321.05,17339.65,17306.5,17334.3,0
2023-03-02 14:15:00+05:30,17334.45,17345.4,17324.8,17335.75,0
2023-03-02 14:30:00+05:30,17337.2,17343.2,17317.75,17323.85,0
2023-03-02 14:45:00+05:30,17323.65,17333.55,17314.35,17327.9,0
2023-03-02 15:00:00+05:30,17328.8,17335.85,17319.3,17329.4,0
2023-03-02 15:15:00+05:30,17329.95,17330.65,17311.45,17318.65,0
2023-03-03 09:15:00+05:30,17451.25,17480.4,17430.5,17467.0,0
2023-03-03 09:30:00+05:30,17469.25,17487.0,17453.1,17462.9,0
2023-03-03 09:45:00+05:30,17463.5,17495.25,17462.4,17485.95,0
2023-03-03 10:00:00+05:30,17485.75,17514.3,17474.0,17512.65,0
2023-03-03 10:15:00+05:30,17513.9,17527.3,17508.55,17521.2,0
2023-03-03 10:30:00+05:30,17520.5,17533.8,17516.75,17531.3,0
2023-03-03 10:45:00+05:30,17531.45,17555.85,17530.5,17542.1,0
2023-03-03 11:00:00+05:30,17542.9,17555.75,17536.5,17547.85,0
2023-03-03 11:15:00+05:30,17547.5,17569.0,17534.9,17561.75,0
2023-03-03 11:30:00+05:30,17562.15,17578.45,17561.05,17575.15,0
2023-03-03 11:45:00+05:30,17575.65,17577.0,17563.3,17566.6,0
2023-03-03 12:00:00+05:30,17566.3,17578.05,17563.75,17570.55,0
2023-03-03 12:15:00+05:30,17570.55,17575.25,17559.55,17560.65,0
2023-03-03 12:30:00+05:30,17559.95,17563.95,17535.9,17540.2,0
2023-03-03 12:45:00+05:30,17540.9,17557.85,17539.9,17556.2,0
2023-03-03 13:00:00+05:30,17557.25,17565.65,17553.4,17561.65,0
2023-03-03 13:15:00+05:30,17561.05,17579.05,17560.55,17573.15,0
2023-03-03 13:30:00+05:30,17573.45,17603.8,17572.7,17603.2,0
2023-03-03 13:45:00+05:30,17602.7,17607.65,17596.7,17598.0,0
2023-03-03 14:00:00+05:30,17597.75,17613.75,17596.95,17609.75,0
2023-03-03 14:15:00+05:30,17609.7,17628.35,17609.2,17624.25,0
2023-03-03 14:30:00+05:30,17623.8,17632.55,17619.3,17623.6,0
2023-03-03 14:45:00+05:30,17622.85,17644.7,17615.1,17627.4,0
2023-03-03 15:00:00+05:30,17626.7,17627.05,17587.2,17591.9,0
2023-03-03 15:15:00+05:30,17591.05,17598.35,17585.0,17592.3,0
2023-03-06 09:15:00+05:30,17680.35,17757.35,17680.35,17749.8,0
2023-03-06 09:30:00+05:30,17751.25,17765.45,17737.6,17763.5,0
2023-03-06 09:45:00+05:30,17763.05,17777.5,17753.6,17767.35,0
2023-03-06 10:00:00+05:30,17767.05,17779.15,17754.65,17775.15,0
2023-03-06 10:15:00+05:30,17775.2,17793.9,17774.25,17776.45,0
2023-03-06 10:30:00+05:30,17775.9,17789.1,17775.65,17783.95,0
2023-03-06 10:45:00+05:30,17783.4,17798.35,17773.0,17776.0,0
2023-03-06 11:00:00+05:30,17776.1,17789.6,17758.25,17779.35,0
2023-03-06 11:15:00+05:30,17779.75,17779.75,17750.05,17762.7,0
2023-03-06 11:30:00+05:30,17762.4,17780.4,17761.5,17774.4,0
2023-03-06 11:45:00+05:30,17774.2,17785.2,17762.9,17784.85,0
2023-03-06 12:00:00+05:30,17784.6,17786.1,17765.45,17779.6,0
2023-03-06 12:15:00+05:30,17779.7,17785.95,17751.95,17759.5,0
2023-03-06 12:30:00+05:30,17758.5,17772.35,17753.7,17762.1,0
2023-03-06 12:45:00+05:30,17762.4,17765.5,17739.4,17759.65,0
2023-03-06 13:00:00+05:30,17759.65,17776.25,17748.2,17770.5,0
2023-03-06 13:15:00+05:30,17770.1,17773.8,17754.25,17754.25,0
2023-03-06 13:30:00+05:30,17753.7,17753.7,17725.75,17734.5,0
2023-03-06 13:45:00+05:30,17734.1,17740.85,17722.3,17733.4,0
2023-03-06 14:00:00+05:30,17733.3,17742.05,17717.45,17723.25,0
2023-03-06 14:15:00+05:30,17722.6,17747.1,17719.95,17737.95,0
2023-03-06 14:30:00+05:30,17738.05,17742.95,17722.05,17722.05,0
2023-03-06 14:45:00+05:30,17722.05,17731.25,17705.55,17717.9,0
2023-03-06 15:00:00+05:30,17718.9,17723.8,17704.0,17709.35,0
2023-03-06 15:15:00+05:30,17709.3,17727.25,17703.45,17719.85,0
2023-03-08 09:15:00+05:30,17665.75,17665.75,17603.55,17633.35,0
2023-03-08 09:30:00+05:30,17633.05,17692.15,17612.85,17665.95,0
2023-03-08 09:45:00+05:30,17666.15,17688.9,17652.55,17687.75,0
2023-03-08 10:00:00+05:30,17688.5,17710.4,17676.6,17697.2,0
2023-03-08 10:15:00+05:30,17697.6,17711.15,17684.9,17693.0,0
2023-03-08 10:30:00+05:30,17691.85,17711.7,17690.45,17693.7,0
2023-03-08 10:45:00+05:30,17693.85,17705.15,17687.15,17694.55,0
2023-03-08 11:00:00+05:30,17694.5,17699.75,17681.7,17682.2,0
2023-03-08 11:15:00+05:30,17682.8,17688.75,17673.05,17684.05,0
2023-03-08 11:30:00+05:30,17684.2,17694.6,17663.9,17666.95,0
2023-03-08 11:45:00+05:30,17666.6,17672.05,17648.2,17652.55,0
2023-03-08 12:00:00+05:30,17652.7,17662.5,17647.9,17650.75,0
2023-03-08 12:15:00+05:30,17650.7,17663.85,17645.9,17654.8,0
2023-03-08 12:30:00+05:30,17655.55,17673.8,17655.55,17661.6,0
2023-03-08 12:45:00+05:30,17661.3,17680.1,17658.45,17676.65,0
2023-03-08 13:00:00+05:30,17676.65,17684.75,17665.8,17670.95,0
2023-03-08 13:15:00+05:30,17671.0,17688.85,17671.0,17677.85,0
2023-03-08 13:30:00+05:30,17678.5,17685.35,17676.3,17681.95,0
2023-03-08 13:45:00+05:30,17681.9,17699.6,17680.85,17698.85,0
2023-03-08 14:00:00+05:30,17698.15,17717.3,17697.35,17708.65,0
2023-03-08 14:15:00+05:30,17708.3,17717.2,17702.8,17714.25,0
2023-03-08 14:30:00+05:30,17713.85,17718.95,17693.7,17700.55,0
2023-03-08 14:45:00+05:30,17700.1,17710.15,17693.75,17707.05,0
2023-03-08 15:00:00+05:30,17708.35,17764.05,17708.35,17756.6,0
2023-03-08 15:15:00+05:30,17756.15,17766.4,17747.25,17751.5,0
2023-03-09 09:15:00+05:30,17772.05,17772.05,17722.2,17733.75,0
2023-03-09 09:30:00+05:30,17733.85,17734.3,17711.35,17723.55,0
2023-03-09 09:45:00+05:30,17723.8,17735.3,17693.1,17694.0,0
2023-03-09 10:00:00+05:30,17693.75,17695.85,17670.65,17675.3,0
2023-03-09 10:15:00+05:30,17674.55,17704.3,17668.95,17703.1,0
2023-03-09 10:30:00+05:30,17703.55,17704.7,17677.85,17679.4,0
2023-03-09 10:45:00+05:30,17679.9,17695.85,17679.9,17694.4,0
2023-03-09 11:00:00+05:30,17694.0,17703.9,17692.65,17703.55,0
2023-03-09 11:15:00+05:30,17703.45,17719.05,17692.3,17715.3,0
2023-03-09 11:30:00+05:30,17715.0,17723.4,17708.8,17714.55,0
2023-03-09 11:45:00+05:30,17715.3,17716.9,17693.9,17696.4,0
2023-03-09 12:00:00+05:30,17695.85,17698.7,17674.7,17680.65,0
2023-03-09 12:15:00+05:30,17680.3,17680.95,17662.65,17664.85,0
2023-03-09 12:30:00+05:30,17665.25,17670.65,17651.7,17660.65,0
2023-03-09 12:45:00+05:30,17660.9,17672.4,17644.85,17671.7,0
2023-03-09 13:00:00+05:30,17671.4,17677.05,17658.15,17658.2,0
2023-03-09 13:15:00+05:30,17658.5,17670.95,17652.75,17666.75,0
2023-03-09 13:30:00+05:30,17666.7,17666.7,17620.9,17625.8,0
2023-03-09 13:45:00+05:30,17626.25,17632.65,17615.8,17618.1,0
2023-03-09 14:00:00+05:30,17617.3,17634.3,17613.0,17627.65,0
2023-03-09 14:15:00+05:30,17627.75,17630.6,17618.65,17621.2,0
2023-03-09 14:30:00+05:30,17622.0,17624.85,17607.8,17618.4,0
2023-03-09 14:45:00+05:30,17618.15,17620.7,17597.55,17609.65,0
2023-03-09 15:00:00+05:30,17609.8,17611.6,17586.4,17586.4,0
2023-03-09 15:15:00+05:30,17587.2,17587.8,17574.7,17582.8,0
2023-03-10 09:15:00+05:30,17443.8,17443.8,17380.65,17394.4,0
2023-03-10 09:30:00+05:30,17395.65,17395.65,17326.0,17332.4,0
2023-03-10 09:45:00+05:30,17334.15,17379.15,17330.6,17378.95,0
2023-03-10 10:00:00+05:30,17379.1,17400.15,17371.5,17392.65,0
2023-03-10 10:15:00+05:30,17393.1,17427.4,17381.9,17407.2,0
2023-03-10 10:30:00+05:30,17406.8,17417.3,17389.85,17406.85,0
2023-03-10 10:45:00+05:30,17406.8,17422.1,17405.15,17411.6,0
2023-03-10 11:00:00+05:30,17411.25,17428.2,17394.5,17418.2,0
2023-03-10 11:15:00+05:30,17419.2,17435.05,17415.95,17422.8,0
2023-03-10 11:30:00+05:30,17423.45,17431.35,17403.8,17408.5,0
2023-03-10 11:45:00+05:30,17408.15,17418.1,17404.75,17410.5,0
2023-03-10 12:00:00+05:30,17410.6,17416.8,17395.3,17395.5,0
2023-03-10 12:15:00+05:30,17394.95,17400.0,17376.7,17383.1,0
2023-03-10 12:30:00+05:30,17383.6,17413.65,17379.7,17403.85,0
2023-03-10 12:45:00+05:30,17404.05,17411.75,17400.2,17407.6,0
2023-03-10 13:00:00+05:30,17410.75,17429.15,17409.05,17417.85,0
2023-03-10 13:15:00+05:30,17418.1,17418.9,17398.85,17400.8,0
2023-03-10 13:30:00+05:30,17401.2,17402.1,17381.75,17385.15,0
2023-03-10 13:45:00+05:30,17385.05,17403.05,17373.45,17392.35,0
2023-03-10 14:00:00+05:30,17391.65,17404.35,17376.0,17394.35,0
2023-03-10 14:15:00+05:30,17394.35,17399.95,17377.2,17379.0,0
2023-03-10 14:30:00+05:30,17379.0,17391.7,17376.85,17383.25,0
2023-03-10 14:45:00+05:30,17383.7,17387.5,17367.15,17378.6,0
2023-03-10 15:00:00+05:30,17385.3,17418.65,17383.75,17409.9,0
2023-03-10 15:15:00+05:30,17410.15,17425.95,17408.8,17418.6,0
2023-03-13 09:15:00+05:30,17421.9,17525.4,17388.5,17500.55,0
2023-03-13 09:30:00+05:30,17500.25,17529.05,17437.9,17453.55,0
2023-03-13 09:45:00+05:30,17454.4,17474.1,17432.15,17455.35,0
2023-03-13 10:00:00+05:30,17455.05,17482.2,17442.85,17455.6,0
2023-03-13 10:15:00+05:30,17455.4,17470.35,17436.45,17436.45,0
2023-03-13 10:30:00+05:30,17436.35,17447.4,17421.9,17437.6,0
2023-03-13 10:45:00+05:30,17437.9,17452.6,17432.3,17432.55,0
2023-03-13 11:00:00+05:30,17432.15,17432.95,17383.75,17393.95,0
2023-03-13 11:15:00+05:30,17393.15,17409.95,17377.65,17389.65,0
2023-03-13 11:30:00+05:30,17390.0,17391.75,17351.9,17363.4,0
2023-03-13 11:45:00+05:30,17361.7,17366.55,17344.4,17364.45,0
2023-03-13 12:00:00+05:30,17364.8,17369.5,17330.0,17342.1,0
2023-03-13 12:15:00+05:30,17341.85,17357.8,17325.9,17332.05,0
2023-03-13 12:30:00+05:30,17331.5,17333.05,17287.5,17287.55,0
2023-03-13 12:45:00+05:30,17286.05,17294.15,17258.35,17261.65,0
2023-03-13 13:00:00+05:30,17261.5,17285.8,17261.5,17269.65,0
2023-03-13 13:15:00+05:30,17268.95,17294.7,17252.5,17260.3,0
2023-03-13 13:30:00+05:30,17260.4,17265.25,17208.85,17225.4,0
2023-03-13 13:45:00+05:30,17225.35,17240.95,17209.75,17211.65,0
2023-03-13 14:00:00+05:30,17211.75,17229.85,17186.6,17190.3,0
2023-03-13 14:15:00+05:30,17190.05,17197.25,17159.9,17175.05,0
2023-03-13 14:30:00+05:30,17173.65,17178.05,17115.1,17148.55,0
2023-03-13 14:45:00+05:30,17148.7,17167.7,17134.6,17140.6,0
2023-03-13 15:00:00+05:30,17140.5,17166.85,17114.75,17141.0,0
2023-03-13 15:15:00+05:30,17142.9,17198.05,17142.9,17184.6,0
2023-03-14 09:15:00+05:30,17160.55,17193.15,17112.85,17184.2,0
2023-03-14 09:30:00+05:30,17182.95,17224.1,17153.0,17157.6,0
2023-03-14 09:45:00+05:30,17158.7,17191.35,17144.4,17180.55,0
2023-03-14 10:00:00+05:30,17180.2,17183.9,17127.1,17127.5,0
2023-03-14 10:15:00+05:30,17126.85,17126.85,17073.9,17087.65,0
2023-03-14 10:30:00+05:30,17087.5,17110.85,17067.25,17100.8,0
2023-03-14 10:45:00+05:30,17101.0,17123.2,17079.95,17087.7,0
2023-03-14 11:00:00+05:30,17085.1,17085.1,17049.6,17055.6,0
2023-03-14 11:15:00+05:30,17055.25,17070.95,17038.9,17063.9,0
2023-03-14 11:30:00+05:30,17064.2,17088.9,17054.2,17071.95,0
2023-03-14 11:45:00+05:30,17070.85,17072.9,17042.4,17055.4,0
2023-03-14 12:00:00+05:30,17055.45,17076.1,17043.5,17069.2,0
2023-03-14 12:15:00+05:30,17068.95,17161.05,17059.15,17149.55,0
2023-03-14 12:30:00+05:30,17147.6,17185.7,17097.75,17105.05,0
2023-03-14 12:45:00+05:30,17104.2,17104.8,17046.7,17056.85,0
2023-03-14 13:00:00+05:30,17056.4,17058.4,17027.1,17036.5,0
2023-03-14 13:15:00+05:30,17034.8,17044.4,17005.4,17044.15,0
2023-03-14 13:30:00+05:30,17043.85,17064.15,17023.5,17041.0,0
2023-03-14 13:45:00+05:30,17040.45,17053.05,16999.1,17021.1,0
2023-03-14 14:00:00+05:30,17020.65,17038.55,17006.9,17008.7,0
2023-03-14 14:15:00+05:30,17009.5,17075.95,16987.5,17063.4,0
2023-03-14 14:30:00+05:30,17064.6,17065.1,17030.85,17044.95,0
2023-03-14 14:45:00+05:30,17046.3,17055.9,17024.95,17049.6,0
2023-03-14 15:00:00+05:30,17049.1,17070.3,17012.1,17059.45,0
2023-03-14 15:15:00+05:30,17060.0,17068.65,17037.8,17068.65,0
2023-03-15 09:15:00+05:30,17166.45,17210.6,17150.05,17189.45,0
2023-03-15 09:30:00+05:30,17190.35,17199.0,17125.35,17149.0,0
2023-03-15 09:45:00+05:30,17149.4,17170.55,17131.35,17141.8,0
2023-03-15 10:00:00+05:30,17141.15,17158.4,17129.0,17155.7,0
2023-03-15 10:15:00+05:30,17155.7,17170.85,17147.3,17149.3,0
2023-03-15 10:30:00+05:30,17149.4,17154.5,17114.8,17119.3,0
2023-03-15 10:45:00+05:30,17119.75,17121.6,17103.0,17115.05,0
2023-03-15 11:00:00+05:30,17115.25,17127.05,17094.9,17113.35,0
2023-03-15 11:15:00+05:30,17113.75,17148.05,17110.0,17145.75,0
2023-03-15 11:30:00+05:30,17146.05,17159.3,17136.1,17142.65,0
2023-03-15 11:45:00+05:30,17142.75,17147.15,17123.25,17123.85,0
2023-03-15 12:00:00+05:30,17124.65,17125.55,17096.95,17097.1,0
2023-03-15 12:15:00+05:30,17097.75,17107.9,17083.6,17088.3,0
2023-03-15 12:30:00+05:30,17088.1,17101.0,17078.45,17101.0,0
2023-03-15 12:45:00+05:30,17100.85,17107.35,17063.15,17063.15,0
2023-03-15 13:00:00+05:30,17065.15,17071.55,17042.2,17049.15,0
2023-03-15 13:15:00+05:30,17049.35,17060.05,17040.05,17055.7,0
2023-03-15 13:30:00+05:30,17055.95,17081.35,17042.75,17074.85,0
2023-03-15 13:45:00+05:30,17078.0,17078.0,17026.4,17030.45,0
2023-03-15 14:00:00+05:30,17030.8,17064.55,17028.6,17047.7,0
2023-03-15 14:15:00+05:30,17048.85,17062.0,17031.2,17031.2,0
2023-03-15 14:30:00+05:30,17031.05,17050.95,17018.6,17019.4,0
2023-03-15 14:45:00+05:30,17019.8,17031.75,17001.8,17018.05,0
2023-03-15 15:00:00+05:30,17018.55,17024.5,16960.9,16964.45,0
2023-03-15 15:15:00+05:30,16965.05,16975.55,16940.35,16973.85,0
2023-03-16 09:15:00+05:30,16994.65,16994.65,16907.9,16913.7,0
2023-03-16 09:30:00+05:30,16913.05,16917.65,16862.7,16865.05,0
2023-03-16 09:45:00+05:30,16866.25,16892.85,16850.4,16883.25,0
2023-03-16 10:00:00+05:30,16882.2,16882.7,16853.2,16877.65,0
2023-03-16 10:15:00+05:30,16877.95,16961.3,16869.9,16940.75,0
2023-03-16 10:30:00+05:30,16940.2,17009.95,16926.45,16993.45,0
2023-03-16 10:45:00+05:30,16991.15,17028.3,16966.7,17014.25,0
2023-03-16 11:00:00+05:30,17014.65,17046.15,17009.8,17027.85,0
2023-03-16 11:15:00+05:30,17027.95,17044.2,17001.5,17023.3,0
2023-03-16 11:30:00+05:30,17023.65,17028.55,16971.85,16993.45,0
2023-03-16 11:45:00+05:30,16993.5,17003.0,16955.9,16961.9,0
2023-03-16 12:00:00+05:30,16962.25,16972.9,16927.45,16929.4,0
2023-03-16 12:15:00+05:30,16929.75,16935.4,16915.35,16923.6,0
2023-03-16 12:30:00+05:30,16923.8,16949.4,16910.4,16925.15,0
2023-03-16 12:45:00+05:30,16924.95,16948.35,16919.95,16946.0,0
2023-03-16 13:00:00+05:30,16946.35,16972.15,16936.25,16972.15,0
2023-03-16 13:15:00+05:30,16972.85,16978.5,16950.75,16968.9,0
2023-03-16 13:30:00+05:30,16968.9,16999.5,16962.0,16965.85,0
2023-03-16 13:45:00+05:30,16965.1,16972.45,16937.2,16955.6,0
2023-03-16 14:00:00+05:30,16954.95,17039.5,16954.95,17035.95,0
2023-03-16 14:15:00+05:30,17037.2,17062.2,17023.95,17054.95,0
2023-03-16 14:30:00+05:30,17054.15,17059.25,17024.5,17031.15,0
2023-03-16 14:45:00+05:30,17030.5,17039.25,16967.8,16976.4,0
2023-03-16 15:00:00+05:30,16976.45,16993.1,16950.2,16976.9,0
2023-03-16 15:15:00+05:30,16978.0,17014.65,16973.3,17010.15,0
2023-03-17 09:15:00+05:30,17111.8,17144.4,17085.85,17105.7,0
2023-03-17 09:30:00+05:30,17106.45,17115.15,17069.3,17069.3,0
2023-03-17 09:45:00+05:30,17071.55,17100.05,17055.35,17056.2,0
2023-03-17 10:00:00+05:30,17054.35,17083.55,17049.25,17081.0,0
2023-03-17 10:15:00+05:30,17080.95,17100.45,17063.85,17067.7,0
2023-03-17 10:30:00+05:30,17067.5,17091.25,17056.15,17066.45,0
2023-03-17 10:45:00+05:30,17065.45,17069.85,17046.3,17059.85,0
2023-03-17 11:00:00+05:30,17060.0,17066.85,17027.35,17028.55,0
2023-03-17 11:15:00+05:30,17028.05,17039.15,17015.75,17023.85,0
2023-03-17 11:30:00+05:30,17023.2,17025.55,16991.0,17007.85,0
2023-03-17 11:45:00+05:30,17008.05,17046.95,17004.0,17042.35,0
2023-03-17 12:00:00+05:30,17043.0,17057.25,16980.1,16985.9,0
2023-03-17 12:15:00+05:30,16985.5,16991.7,16964.05,16978.6,0
2023-03-17 12:30:00+05:30,16978.05,16990.6,16965.3,16977.55,0
2023-03-17 12:45:00+05:30,16977.15,17009.9,16977.15,16981.55,0
2023-03-17 13:00:00+05:30,16981.35,16990.55,16958.45,16985.5,0
2023-03-17 13:15:00+05:30,16984.9,17004.15,16975.85,16995.15,0
2023-03-17 13:30:00+05:30,16994.9,17029.0,16993.15,17004.35,0
2023-03-17 13:45:00+05:30,17004.6,17082.15,17004.25,17068.05,0
2023-03-17 14:00:00+05:30,17068.15,17078.0,17049.2,17058.2,0
2023-03-17 14:15:00+05:30,17059.2,17065.0,17008.7,17023.55,0
2023-03-17 14:30:00+05:30,17023.8,17080.05,17023.8,17067.45,0
2023-03-17 14:45:00+05:30,17066.7,17099.3,17039.25,17090.55,0
2023-03-17 15:00:00+05:30,17092.75,17124.95,17074.55,17113.85,0
2023-03-17 15:15:00+05:30,17112.95,17125.9,17082.9,17123.7,0
2023-03-20 09:15:00+05:30,17066.6,17066.6,16934.7,16957.95,0
2023-03-20 09:30:00+05:30,16957.15,16967.35,16929.55,16952.25,0
2023-03-20 09:45:00+05:30,16950.55,16964.75,16908.75,16910.15,0
2023-03-20 10:00:00+05:30,16909.65,16933.35,16904.0,16910.15,0
2023-03-20 10:15:00+05:30,16909.85,16911.05,16882.25,16895.45,0
2023-03-20 10:30:00+05:30,16894.1,16921.85,16882.55,16907.95,0
2023-03-20 10:45:00+05:30,16907.85,16955.75,16900.65,16953.35,0
2023-03-20 11:00:00+05:30,16952.85,16963.6,16929.7,16945.25,0
2023-03-20 11:15:00+05:30,16945.3,16949.5,16922.0,16933.25,0
2023-03-20 11:30:00+05:30,16933.55,16933.55,16906.7,16912.8,0
2023-03-20 11:45:00+05:30,16913.3,16930.3,16882.05,16882.8,0
2023-03-20 12:00:00+05:30,16880.65,16897.8,16865.55,16865.65,0
2023-03-20 12:15:00+05:30,16867.4,16879.65,16852.15,16854.05,0
2023-03-20 12:30:00+05:30,16854.9,16886.15,16845.95,16884.4,0
2023-03-20 12:45:00+05:30,16885.75,16886.45,16834.75,16846.25,0
2023-03-20 13:00:00+05:30,16844.25,16870.9,16830.75,16869.75,0
2023-03-20 13:15:00+05:30,16868.9,16874.8,16842.8,16873.35,0
2023-03-20 13:30:00+05:30,16872.75,16901.35,16857.0,16858.05,0
2023-03-20 13:45:00+05:30,16858.8,16876.95,16848.2,16857.85,0
2023-03-20 14:00:00+05:30,16857.65,16899.45,16854.3,16891.35,0
2023-03-20 14:15:00+05:30,16891.35,16932.0,16874.3,16927.1,0
2023-03-20 14:30:00+05:30,16927.8,16948.45,16922.55,16928.7,0
2023-03-20 14:45:00+05:30,16928.85,16948.6,16920.2,16943.05,0
2023-03-20 15:00:00+05:30,16943.15,16996.35,16939.15,16987.3,0
2023-03-20 15:15:00+05:30,16987.8,17008.45,16987.8,17003.45,0
2023-03-21 09:15:00+05:30,17060.4,17080.55,17026.45,17076.5,0
2023-03-21 09:30:00+05:30,17077.7,17080.3,17030.45,17039.4,0
2023-03-21 09:45:00+05:30,17039.45,17053.0,17016.65,17039.5,0
2023-03-21 10:00:00+05:30,17039.45,17070.2,17034.25,17066.05,0
2023-03-21 10:15:00+05:30,17065.8,17085.75,17061.25,17079.7,0
2023-03-21 10:30:00+05:30,17079.15,17079.95,17056.3,17072.7,0
2023-03-21 10:45:00+05:30,17072.75,17077.6,17057.7,17058.7,0
2023-03-21 11:00:00+05:30,17058.9,17067.7,17046.2,17065.4,0
2023-03-21 11:15:00+05:30,17065.1,17079.1,17059.75,17065.4,0
2023-03-21 11:30:00+05:30,17065.1,17076.1,17053.25,17058.2,0
2023-03-21 11:45:00+05:30,17058.15,17058.3,17022.55,17030.95,0
2023-03-21 12:00:00+05:30,17031.1,17043.9,17027.05,17030.95,0
2023-03-21 12:15:00+05:30,17031.55,17056.6,17028.35,17053.9,0
2023-03-21 12:30:00+05:30,17055.0,17063.65,17041.2,17050.6,0
2023-03-21 12:45:00+05:30,17051.2,17083.5,17050.2,17083.2,0
2023-03-21 13:00:00+05:30,17083.4,17100.25,17083.4,17097.75,0
2023-03-21 13:15:00+05:30,17097.2,17105.95,17075.55,17077.15,0
2023-03-21 13:30:00+05:30,17076.75,17081.7,17065.55,17070.9,0
2023-03-21 13:45:00+05:30,17071.25,17106.15,17070.0,17103.1,0
2023-03-21 14:00:00+05:30,17102.75,17110.7,17083.2,17088.4,0
2023-03-21 14:15:00+05:30,17088.5,17113.5,17085.75,17101.15,0
2023-03-21 14:30:00+05:30,17100.7,17126.6,17094.6,17123.5,0
2023-03-21 14:45:00+05:30,17122.25,17127.1,17107.95,17118.5,0
2023-03-21 15:00:00+05:30,17119.15,17122.05,17101.75,17104.2,0
2023-03-21 15:15:00+05:30,17103.35,17112.45,17095.5,17106.95,0
2023-03-22 09:15:00+05:30,17177.45,17207.15,17169.7,17172.35,0
2023-03-22 09:30:00+05:30,17171.45,17177.2,17134.05,17168.65,0
2023-03-22 09:45:00+05:30,17169.0,17180.3,17153.95,17155.8,0
2023-03-22 10:00:00+05:30,17156.7,17165.75,17140.8,17140.8,0
2023-03-22 10:15:00+05:30,17141.6,17150.8,17133.15,17147.45,0
2023-03-22 10:30:00+05:30,17147.15,17151.7,17127.6,17132.3,0
2023-03-22 10:45:00+05:30,17132.6,17146.35,17127.15,17131.2,0
2023-03-22 11:00:00+05:30,17131.0,17133.8,17108.8,17129.85,0
2023-03-22 11:15:00+05:30,17129.9,17145.5,17119.7,17145.5,0
2023-03-22 11:30:00+05:30,17145.9,17151.8,17129.55,17148.75,0
2023-03-22 11:45:00+05:30,17149.1,17153.9,17137.85,17144.0,0
2023-03-22 12:00:00+05:30,17144.65,17151.1,17128.0,17138.5,0
2023-03-22 12:15:00+05:30,17138.75,17150.3,17132.35,17150.05,0
2023-03-22 12:30:00+05:30,17149.8,17165.4,17130.6,17133.0,0
2023-03-22 12:45:00+05:30,17134.7,17147.3,17134.7,17141.3,0
2023-03-22 13:00:00+05:30,17142.3,17149.8,17130.8,17134.65,0
2023-03-22 13:15:00+05:30,17135.25,17136.5,17120.75,17130.95,0
2023-03-22 13:30:00+05:30,17132.75,17156.05,17129.4,17142.7,0
2023-03-22 13:45:00+05:30,17142.75,17146.05,17116.7,17135.7,0
2023-03-22 14:00:00+05:30,17137.6,17149.1,17131.2,17142.05,0
2023-03-22 14:15:00+05:30,17144.1,17151.5,17129.0,17129.0,0
2023-03-22 14:30:00+05:30,17129.3,17139.7,17110.95,17118.5,0
2023-03-22 14:45:00+05:30,17118.3,17141.8,17111.15,17141.1,0
2023-03-22 15:00:00+05:30,17140.35,17160.8,17134.85,17160.25,0
2023-03-22 15:15:00+05:30,17160.0,17164.6,17142.75,17142.75,0
2023-03-23 09:15:00+05:30,17097.4,17097.4,17048.85,17059.95,0
2023-03-23 09:30:00+05:30,17058.75,17092.6,17046.1,17080.35,0
2023-03-23 09:45:00+05:30,17080.45,17130.05,17080.45,17125.1,0
2023-03-23 10:00:00+05:30,17125.15,17142.35,17125.0,17136.7,0
2023-03-23 10:15:00+05:30,17137.5,17169.1,17136.95,17168.35,0
2023-03-23 10:30:00+05:30,17169.0,17171.9,17148.6,17154.25,0
2023-03-23 10:45:00+05:30,17154.55,17157.35,17131.2,17140.75,0
2023-03-23 11:00:00+05:30,17140.8,17151.85,17125.55,17136.35,0
2023-03-23 11:15:00+05:30,17136.5,17145.3,17132.75,17145.3,0
2023-03-23 11:30:00+05:30,17144.95,17161.4,17144.95,17159.25,0
2023-03-23 11:45:00+05:30,17158.85,17171.3,17149.9,17167.95,0
2023-03-23 12:00:00+05:30,17167.65,17170.25,17160.05,17168.0,0
2023-03-23 12:15:00+05:30,17167.45,17172.5,17156.4,17161.75,0
2023-03-23 12:30:00+05:30,17161.3,17195.05,17160.4,17192.8,0
2023-03-23 12:45:00+05:30,17192.95,17205.05,17184.45,17185.55,0
2023-03-23 13:00:00+05:30,17184.55,17195.65,17168.35,17176.7,0
2023-03-23 13:15:00+05:30,17177.05,17187.6,17171.45,17186.45,0
2023-03-23 13:30:00+05:30,17185.7,17193.7,17171.35,17174.7,0
2023-03-23 13:45:00+05:30,17174.6,17180.4,17153.55,17160.0,0
2023-03-23 14:00:00+05:30,17159.6,17166.75,17129.5,17129.5,0
2023-03-23 14:15:00+05:30,17128.75,17138.6,17104.5,17107.85,0
2023-03-23 14:30:00+05:30,17106.45,17110.75,17081.5,17092.4,0
2023-03-23 14:45:00+05:30,17091.9,17099.65,17077.75,17098.8,0
2023-03-23 15:00:00+05:30,17094.7,17117.5,17057.4,17070.1,0
2023-03-23 15:15:00+05:30,17069.9,17078.3,17061.75,17068.45,0
2023-03-24 09:15:00+05:30,17076.2,17108.55,17015.35,17020.75,0
2023-03-24 09:30:00+05:30,17021.6,17060.4,16995.4,17037.0,0
2023-03-24 09:45:00+05:30,17037.05,17079.75,17026.75,17068.35,0
2023-03-24 10:00:00+05:30,17068.15,17073.05,17035.55,17064.15,0
2023-03-24 10:15:00+05:30,17064.8,17087.8,17024.45,17033.25,0
2023-03-24 10:30:00+05:30,17033.95,17047.4,17016.25,17017.75,0
2023-03-24 10:45:00+05:30,17017.05,17042.2,17010.8,17024.6,0
2023-03-24 11:00:00+05:30,17024.75,17063.5,17024.25,17060.75,0
2023-03-24 11:15:00+05:30,17061.45,17072.55,17043.2,17046.15,0
2023-03-24 11:30:00+05:30,17047.3,17075.35,17039.95,17073.6,0
2023-03-24 11:45:00+05:30,17075.3,17087.85,17055.5,17079.85,0
2023-03-24 12:00:00+05:30,17081.0,17087.25,17069.9,17082.5,0
2023-03-24 12:15:00+05:30,17083.25,17097.95,17077.85,17077.85,0
2023-03-24 12:30:00+05:30,17081.6,17086.05,17040.0,17056.1,0
2023-03-24 12:45:00+05:30,17056.55,17060.6,17040.4,17045.35,0
2023-03-24 13:00:00+05:30,17046.9,17082.15,17045.45,17080.55,0
2023-03-24 13:15:00+05:30,17081.95,17091.6,17060.3,17071.55,0
2023-03-24 13:30:00+05:30,17073.35,17077.95,17021.55,17036.75,0
2023-03-24 13:45:00+05:30,17036.95,17053.65,17027.55,17040.0,0
2023-03-24 14:00:00+05:30,17042.0,17043.1,17008.55,17024.55,0
2023-03-24 14:15:00+05:30,17025.5,17025.55,16982.8,16983.45,0
2023-03-24 14:30:00+05:30,16984.05,17007.25,16966.9,16986.0,0
2023-03-24 14:45:00+05:30,16988.3,16995.75,16968.9,16990.75,0
2023-03-24 15:00:00+05:30,16993.35,16999.4,16951.0,16954.5,0
2023-03-24 15:15:00+05:30,16957.15,16961.05,16918.5,16932.6,0
2023-03-27 09:15:00+05:30,16984.3,16990.1,16919.4,16978.5,0
2023-03-27 09:30:00+05:30,16979.5,17024.6,16979.5,17010.85,0
2023-03-27 09:45:00+05:30,17010.4,17034.8,16995.25,17023.3,0
2023-03-27 10:00:00+05:30,17023.35,17038.0,17005.2,17030.55,0
2023-03-27 10:15:00+05:30,17031.15,17044.85,17009.65,17032.1,0
2023-03-27 10:30:00+05:30,17032.15,17035.05,16985.35,16986.1,0
2023-03-27 10:45:00+05:30,16985.3,17006.0,16982.25,17000.9,0
2023-03-27 11:00:00+05:30,17000.5,17011.25,16988.8,16996.95,0
2023-03-27 11:15:00+05:30,16997.0,16998.7,16975.75,16992.55,0
2023-03-27 11:30:00+05:30,16992.4,17033.45,16980.95,17027.65,0
2023-03-27 11:45:00+05:30,17027.75,17034.2,17014.8,17021.05,0
2023-03-27 12:00:00+05:30,17020.65,17051.85,17016.45,17034.65,0
2023-03-27 12:15:00+05:30,17035.05,17061.2,17034.15,17043.8,0
2023-03-27 12:30:00+05:30,17042.95,17060.15,17041.15,17051.65,0
2023-03-27 12:45:00+05:30,17051.95,17056.45,17023.35,17031.5,0
2023-03-27 13:00:00+05:30,17031.95,17038.2,17010.35,17010.35,0
2023-03-27 13:15:00+05:30,17009.6,17014.8,16982.6,16987.9,0
2023-03-27 13:30:00+05:30,16988.45,17022.7,16986.85,17016.95,0
2023-03-27 13:45:00+05:30,17017.1,17045.4,17005.5,17042.7,0
2023-03-27 14:00:00+05:30,17042.9,17049.25,17029.75,17039.85,0
2023-03-27 14:15:00+05:30,17040.2,17089.15,17040.2,17083.65,0
2023-03-27 14:30:00+05:30,17083.7,17090.75,17063.25,17063.25,0
2023-03-27 14:45:00+05:30,17063.35,17075.1,17053.55,17055.0,0
2023-03-27 15:00:00+05:30,17050.25,17050.25,16975.1,16982.45,0
2023-03-27 15:15:00+05:30,16982.4,16986.9,16953.95,16963.45,0
2023-03-28 09:15:00+05:30,17031.75,17061.5,17000.7,17005.15,0
2023-03-28 09:30:00+05:30,17006.15,17023.8,16981.65,16986.2,0
2023-03-28 09:45:00+05:30,16986.35,16995.6,16974.7,16976.2,0
2023-03-28 10:00:00+05:30,16976.5,16993.5,16971.35,16992.5,0
2023-03-28 10:15:00+05:30,16992.15,17000.9,16968.6,16969.7,0
2023-03-28 10:30:00+05:30,16968.85,16968.85,16943.25,16946.3,0
2023-03-28 10:45:00+05:30,16946.1,16957.85,16931.2,16932.05,0
2023-03-28 11:00:00+05:30,16932.3,16953.35,16930.35,16945.6,0
2023-03-28 11:15:00+05:30,16946.75,16963.2,16944.55,16954.5,0
2023-03-28 11:30:00+05:30,16953.55,16984.7,16947.3,16982.55,0
2023-03-28 11:45:00+05:30,16982.8,16991.75,16969.8,16973.75,0
2023-03-28 12:00:00+05:30,16973.85,16975.0,16950.6,16951.1,0
2023-03-28 12:15:00+05:30,16950.35,16966.8,16939.05,16950.75,0
2023-03-28 12:30:00+05:30,16950.1,16972.9,16950.1,16953.0,0
2023-03-28 12:45:00+05:30,16953.75,16969.45,16950.6,16969.15,0
2023-03-28 13:00:00+05:30,16969.0,16985.45,16961.65,16979.85,0
2023-03-28 13:15:00+05:30,16980.5,16985.65,16943.95,16952.5,0
2023-03-28 13:30:00+05:30,16952.55,16964.6,16942.2,16962.7,0
2023-03-28 13:45:00+05:30,16962.25,16963.2,16930.1,16945.45,0
2023-03-28 14:00:00+05:30,16945.6,16957.05,16914.2,16923.7,0
2023-03-28 14:15:00+05:30,16924.05,16947.15,16914.45,16941.2,0
2023-03-28 14:30:00+05:30,16939.75,16950.35,16931.6,16946.8,0
2023-03-28 14:45:00+05:30,16946.75,16956.05,16935.45,16953.4,0
2023-03-28 15:00:00+05:30,16953.95,16969.75,16930.65,16943.2,0
2023-03-28 15:15:00+05:30,16943.05,16966.0,16943.05,16956.85,0
2023-03-29 09:15:00+05:30,16977.3,17022.2,16977.3,17001.0,0
2023-03-29 09:30:00+05:30,17000.0,17016.7,16992.15,17015.2,0
2023-03-29 09:45:00+05:30,17015.6,17032.7,17009.9,17024.7,0
2023-03-29 10:00:00+05:30,17025.1,17025.3,17006.0,17016.45,0
2023-03-29 10:15:00+05:30,17016.0,17044.0,17010.85,17043.35,0
2023-03-29 10:30:00+05:30,17043.65,17048.55,17028.3,17030.25,0
2023-03-29 10:45:00+05:30,17030.15,17035.2,17016.75,17017.3,0
2023-03-29 11:00:00+05:30,17017.55,17026.95,16968.4,16977.7,0
2023-03-29 11:15:00+05:30,16976.0,16997.25,16968.35,16987.95,0
2023-03-29 11:30:00+05:30,16987.45,16987.45,16967.05,16968.55,0
2023-03-29 11:45:00+05:30,16968.55,16980.35,16959.3,16975.1,0
2023-03-29 12:00:00+05:30,16975.15,16977.8,16942.65,16952.0,0
2023-03-29 12:15:00+05:30,16952.45,16955.9,16941.15,16951.35,0
2023-03-29 12:30:00+05:30,16951.05,16964.15,16946.1,16957.5,0
2023-03-29 12:45:00+05:30,16957.35,16976.9,16957.15,16976.45,0
2023-03-29 13:00:00+05:30,16976.05,16989.2,16971.15,16979.95,0
2023-03-29 13:15:00+05:30,16979.95,17018.4,16979.55,17018.0,0
2023-03-29 13:30:00+05:30,17017.1,17020.15,16992.4,17003.0,0
2023-03-29 13:45:00+05:30,17002.05,17029.95,16994.0,17026.55,0
2023-03-29 14:00:00+05:30,17025.45,17051.75,17025.35,17045.35,0
2023-03-29 14:15:00+05:30,17045.3,17057.35,17012.1,17018.5,0
2023-03-29 14:30:00+05:30,17019.9,17022.3,16990.4,17008.1,0
2023-03-29 14:45:00+05:30,17008.5,17021.35,17002.05,17016.65,0
2023-03-29 15:00:00+05:30,17013.9,17096.6,17011.9,17094.85,0
2023-03-29 15:15:00+05:30,17096.25,17125.9,17087.15,17116.35,0
2023-03-31 09:15:00+05:30,17210.35,17276.3,17209.45,17269.9,0
2023-03-31 09:30:00+05:30,17270.45,17289.1,17253.3,17278.25,0
2023-03-31 09:45:00+05:30,17277.9,17282.15,17261.1,17261.55,0
2023-03-31 10:00:00+05:30,17261.65,17281.85,17253.65,17256.9,0
2023-03-31 10:15:00+05:30,17256.35,17269.6,17253.15,17256.25,0
2023-03-31 10:30:00+05:30,17257.25,17257.25,17233.65,17248.2,0
2023-03-31 10:45:00+05:30,17248.15,17253.4,17235.55,17249.4,0
2023-03-31 11:00:00+05:30,17249.9,17257.9,17237.6,17245.5,0
2023-03-31 11:15:00+05:30,17245.1,17259.75,17242.1,17259.0,0
2023-03-31 11:30:00+05:30,17258.6,17283.35,17258.6,17275.5,0
2023-03-31 11:45:00+05:30,17274.75,17291.95,17268.2,17277.15,0
2023-03-31 12:00:00+05:30,17277.1,17282.2,17274.15,17278.7,0
2023-03-31 12:15:00+05:30,17279.0,17289.45,17268.65,17289.45,0
2023-03-31 12:30:00+05:30,17289.2,17323.1,17285.75,17322.25,0
2023-03-31 12:45:00+05:30,17323.25,17323.75,17306.55,17311.5,0
2023-03-31 13:00:00+05:30,17311.7,17325.2,17308.25,17317.2,0
2023-03-31 13:15:00+05:30,17317.5,17328.2,17312.4,17325.55,0
2023-03-31 13:30:00+05:30,17325.85,17345.4,17314.35,17344.35,0
2023-03-31 13:45:00+05:30,17345.95,17363.75,17341.45,17354.95,0
2023-03-31 14:00:00+05:30,17355.9,17365.55,17349.2,17361.1,0
2023-03-31 14:15:00+05:30,17361.75,17373.7,17347.35,17360.85,0
2023-03-31 14:30:00+05:30,17361.5,17362.05,17344.15,17357.75,0
2023-03-31 14:45:00+05:30,17358.7,17376.95,17351.65,17365.95,0
2023-03-31 15:00:00+05:30,17368.0,17381.3,17357.05,17363.2,0
2023-03-31 15:15:00+05:30,17362.65,17367.5,17337.7,17358.3,0
2023-04-03 09:15:00+05:30,17427.95,17427.95,17337.45,17344.45,0
2023-04-03 09:30:00+05:30,17345.35,17363.05,17325.8,17358.1,0
2023-04-03 09:45:00+05:30,17358.85,17379.6,17357.35,17374.75,0
2023-04-03 10:00:00+05:30,17374.15,17381.9,17357.65,17367.9,0
2023-04-03 10:15:00+05:30,17368.2,17378.45,17351.4,17362.7,0
2023-04-03 10:30:00+05:30,17364.05,17365.55,17336.25,17337.85,0
2023-04-03 10:45:00+05:30,17337.65,17353.75,17331.65,17338.85,0
2023-04-03 11:00:00+05:30,17338.8,17344.85,17321.9,17324.3,0
2023-04-03 11:15:00+05:30,17324.25,17330.15,17315.55,17317.9,0
2023-04-03 11:30:00+05:30,17318.3,17336.25,17312.9,17330.8,0
2023-04-03 11:45:00+05:30,17331.05,17350.45,17330.85,17345.3,0
2023-04-03 12:00:00+05:30,17344.5,17363.6,17338.2,17351.65,0
2023-04-03 12:15:00+05:30,17351.6,17363.0,17343.6,17356.95,0
2023-04-03 12:30:00+05:30,17356.85,17358.5,17342.95,17352.7,0
2023-04-03 12:45:00+05:30,17352.95,17362.35,17343.7,17344.55,0
2023-04-03 13:00:00+05:30,17344.4,17368.75,17336.15,17348.25,0
2023-04-03 13:15:00+05:30,17348.15,17354.65,17338.45,17342.7,0
2023-04-03 13:30:00+05:30,17342.15,17356.65,17339.35,17347.4,0
2023-04-03 13:45:00+05:30,17346.6,17361.3,17341.95,17348.6,0
2023-04-03 14:00:00+05:30,17347.7,17372.6,17343.6,17370.65,0
2023-04-03 14:15:00+05:30,17371.25,17377.65,17356.75,17374.0,0
2023-04-03 14:30:00+05:30,17373.15,17386.9,17366.75,17386.3,0
2023-04-03 14:45:00+05:30,17384.25,17397.9,17379.3,17382.7,0
2023-04-03 15:00:00+05:30,17383.5,17404.55,17381.75,17404.1,0
2023-04-03 15:15:00+05:30,17403.85,17410.25,17393.55,17399.7,0
2023-04-05 09:15:00+05:30,17422.3,17466.3,17412.15,17465.95,0
2023-04-05 09:30:00+05:30,17464.7,17473.15,17454.35,17457.95,0
2023-04-05 09:45:00+05:30,17458.3,17484.25,17457.4,17473.2,0
2023-04-05 10:00:00+05:30,17472.65,17492.5,17466.95,17491.65,0
2023-04-05 10:15:00+05:30,17491.15,17503.1,17483.9,17500.95,0
2023-04-05 10:30:00+05:30,17500.4,17513.8,17498.1,17505.15,0
2023-04-05 10:45:00+05:30,17506.0,17506.1,17480.55,17487.7,0
2023-04-05 11:00:00+05:30,17487.75,17488.85,17478.15,17485.95,0
2023-04-05 11:15:00+05:30,17485.75,17498.7,17482.25,17495.35,0
2023-04-05 11:30:00+05:30,17495.3,17495.95,17487.5,17488.2,0
2023-04-05 11:45:00+05:30,17488.7,17511.45,17487.6,17504.2,0
2023-04-05 12:00:00+05:30,17504.0,17515.55,17492.85,17509.85,0
2023-04-05 12:15:00+05:30,17510.3,17514.65,17499.05,17508.0,0
2023-04-05 12:30:00+05:30,17507.45,17527.65,17504.15,17525.7,0
2023-04-05 12:45:00+05:30,17525.6,17540.6,17517.0,17535.25,0
2023-04-05 13:00:00+05:30,17534.4,17544.9,17526.75,17537.45,0
2023-04-05 13:15:00+05:30,17537.35,17542.05,17528.05,17540.3,0
2023-04-05 13:30:00+05:30,17540.7,17544.7,17513.9,17525.7,0
2023-04-05 13:45:00+05:30,17525.8,17533.7,17517.15,17523.25,0
2023-04-05 14:00:00+05:30,17523.9,17543.35,17521.5,17536.8,0
2023-04-05 14:15:00+05:30,17536.55,17540.15,17525.9,17539.6,0
2023-04-05 14:30:00+05:30,17539.1,17549.05,17528.3,17543.1,0
2023-04-05 14:45:00+05:30,17542.9,17550.25,17535.65,17545.4,0
2023-04-05 15:00:00+05:30,17546.6,17561.95,17538.0,17552.55,0
2023-04-05 15:15:00+05:30,17554.15,17570.0,17549.85,17561.0,0
2023-04-06 09:15:00+05:30,17533.85,17543.95,17512.25,17531.95,0
2023-04-06 09:30:00+05:30,17532.75,17537.55,17517.65,17533.2,0
2023-04-06 09:45:00+05:30,17533.3,17535.7,17503.6,17527.85,0
2023-04-06 10:00:00+05:30,17528.05,17600.55,17520.2,17588.5,0
2023-04-06 10:15:00+05:30,17588.8,17599.9,17577.6,17582.4,0
2023-04-06 10:30:00+05:30,17582.4,17601.3,17581.15,17597.25,0
2023-04-06 10:45:00+05:30,17596.4,17611.15,17588.25,17609.95,0
2023-04-06 11:00:00+05:30,17610.5,17619.55,17602.65,17618.25,0
2023-04-06 11:15:00+05:30,17617.5,17620.55,17581.8,17607.15,0
2023-04-06 11:30:00+05:30,17607.25,17621.35,17599.1,17610.25,0
2023-04-06 11:45:00+05:30,17609.9,17617.5,17594.8,17597.85,0
2023-04-06 12:00:00+05:30,17597.3,17608.9,17594.95,17602.3,0
2023-04-06 12:15:00+05:30,17602.5,17618.35,17597.65,17614.05,0
2023-04-06 12:30:00+05:30,17615.15,17625.9,17597.8,17624.8,0
2023-04-06 12:45:00+05:30,17625.7,17637.7,17615.8,17632.6,0
2023-04-06 13:00:00+05:30,17632.25,17636.15,17615.5,17618.45,0
2023-04-06 13:15:00+05:30,17618.35,17621.35,17601.3,17616.8,0
2023-04-06 13:30:00+05:30,17617.05,17621.1,17572.25,17574.2,0
2023-04-06 13:45:00+05:30,17574.05,17576.0,17552.0,17568.25,0
2023-04-06 14:00:00+05:30,17568.05,17586.55,17564.9,17575.6,0
2023-04-06 14:15:00+05:30,17576.0,17588.25,17568.7,17581.85,0
2023-04-06 14:30:00+05:30,17580.65,17609.75,17575.1,17595.9,0
2023-04-06 14:45:00+05:30,17595.9,17613.0,17592.0,17605.65,0
2023-04-06 15:00:00+05:30,17606.1,17608.1,17590.7,17591.35,0
2023-04-06 15:15:00+05:30,17591.9,17608.35,17590.65,17602.0,0
2023-04-10 09:15:00+05:30,17634.9,17651.15,17617.75,17635.05,0
2023-04-10 09:30:00+05:30,17635.3,17656.2,17608.9,17650.9,0
2023-04-10 09:45:00+05:30,17651.05,17660.45,17628.35,17628.85,0
2023-04-10 10:00:00+05:30,17629.35,17649.1,17624.2,17630.0,0
2023-04-10 10:15:00+05:30,17630.5,17636.4,17606.2,17609.3,0
2023-04-10 10:30:00+05:30,17609.2,17632.1,17609.2,17629.2,0
2023-04-10 10:45:00+05:30,17629.15,17629.35,17609.1,17623.35,0
2023-04-10 11:00:00+05:30,17623.0,17641.8,17621.55,17640.0,0
2023-04-10 11:15:00+05:30,17639.05,17640.0,17626.8,17635.0,0
2023-04-10 11:30:00+05:30,17634.35,17649.9,17631.55,17647.2,0
2023-04-10 11:45:00+05:30,17647.35,17668.65,17644.6,17667.15,0
2023-04-10 12:00:00+05:30,17667.0,17678.3,17662.75,17672.1,0
2023-04-10 12:15:00+05:30,17672.0,17689.0,17667.0,17682.65,0
2023-04-10 12:30:00+05:30,17682.35,17682.75,17669.6,17677.5,0
2023-04-10 12:45:00+05:30,17676.05,17693.3,17673.65,17686.15,0
2023-04-10 13:00:00+05:30,17686.25,17689.45,17666.95,17667.5,0
2023-04-10 13:15:00+05:30,17667.8,17674.15,17660.4,17665.4,0
2023-04-10 13:30:00+05:30,17665.85,17667.95,17653.05,17659.95,0
2023-04-10 13:45:00+05:30,17661.15,17665.1,17640.95,17640.95,0
2023-04-10 14:00:00+05:30,17640.7,17649.2,17622.95,17626.5,0
2023-04-10 14:15:00+05:30,17626.75,17629.05,17598.25,17611.45,0
2023-04-10 14:30:00+05:30,17611.15,17630.0,17601.45,17628.8,0
2023-04-10 14:45:00+05:30,17627.85,17637.7,17620.85,17627.0,0
2023-04-10 15:00:00+05:30,17626.05,17637.1,17618.2,17621.3,0
2023-04-10 15:15:00+05:30,17621.35,17627.85,17608.65,17613.05,0
2023-04-11 09:15:00+05:30,17704.8,17707.15,17669.0,17697.45,0
2023-04-11 09:30:00+05:30,17698.15,17716.55,17697.55,17704.0,0
2023-04-11 09:45:00+05:30,17702.95,17730.35,17702.95,17726.6,0
2023-04-11 10:00:00+05:30,17726.0,17748.6,17717.55,17741.55,0
2023-04-11 10:15:00+05:30,17743.4,17745.3,17720.2,17722.8,0
2023-04-11 10:30:00+05:30,17723.35,17729.1,17710.35,17716.65,0
2023-04-11 10:45:00+05:30,17715.9,17719.2,17705.35,17714.2,0
2023-04-11 11:00:00+05:30,17714.15,17728.35,17701.75,17704.25,0
2023-04-11 11:15:00+05:30,17705.0,17714.85,17689.65,17704.8,0
2023-04-11 11:30:00+05:30,17704.1,17705.35,17682.5,17684.85,0
2023-04-11 11:45:00+05:30,17684.8,17696.75,17676.25,17691.5,0
2023-04-11 12:00:00+05:30,17691.45,17693.1,17668.35,17675.65,0
2023-04-11 12:15:00+05:30,17675.25,17680.3,17655.3,17665.25,0
2023-04-11 12:30:00+05:30,17665.4,17683.7,17664.65,17679.6,0
2023-04-11 12:45:00+05:30,17679.0,17688.4,17671.4,17682.8,0
2023-04-11 13:00:00+05:30,17682.0,17682.6,17663.85,17667.6,0
2023-04-11 13:15:00+05:30,17668.35,17684.9,17665.45,17683.15,0
2023-04-11 13:30:00+05:30,17682.75,17695.65,17682.3,17694.3,0
2023-04-11 13:45:00+05:30,17694.05,17714.75,17692.4,17711.45,0
2023-04-11 14:00:00+05:30,17711.1,17720.65,17704.1,17713.65,0
2023-04-11 14:15:00+05:30,17713.65,17715.7,17700.45,17705.0,0
2023-04-11 14:30:00+05:30,17706.05,17724.55,17706.05,17711.8,0
2023-04-11 14:45:00+05:30,17712.65,17729.85,17709.85,17714.4,0
2023-04-11 15:00:00+05:30,17715.1,17728.4,17710.75,17728.15,0
2023-04-11 15:15:00+05:30,17727.9,17733.95,17713.05,17722.25,0
2023-04-12 09:15:00+05:30,17759.55,17775.4,17717.8,17763.7,0
2023-04-12 09:30:00+05:30,17764.35,17779.4,17755.5,17763.75,0
2023-04-12 09:45:00+05:30,17764.4,17768.25,17755.8,17761.65,0
2023-04-12 10:00:00+05:30,17761.5,17761.5,17748.55,17751.55,0
2023-04-12 10:15:00+05:30,17751.8,17754.95,17736.75,17742.15,0
2023-04-12 10:30:00+05:30,17742.3,17753.75,17735.2,17743.55,0
2023-04-12 10:45:00+05:30,17744.25,17759.35,17743.85,17754.15,0
2023-04-12 11:00:00+05:30,17755.1,17764.25,17748.9,17754.35,0
2023-04-12 11:15:00+05:30,17753.9,17762.85,17750.7,17762.05,0
2023-04-12 11:30:00+05:30,17762.25,17773.25,17760.95,17770.45,0
2023-04-12 11:45:00+05:30,17769.75,17770.95,17762.65,17764.65,0
2023-04-12 12:00:00+05:30,17765.5,17768.55,17754.3,17761.25,0
2023-04-12 12:15:00+05:30,17760.8,17776.6,17760.8,17775.55,0
2023-04-12 12:30:00+05:30,17775.6,17778.65,17765.15,17766.25,0
2023-04-12 12:45:00+05:30,17766.2,17778.7,17765.85,17772.8,0
2023-04-12 13:00:00+05:30,17772.3,17795.3,17764.1,17792.35,0
2023-04-12 13:15:00+05:30,17792.25,17811.5,17792.15,17800.35,0
2023-04-12 13:30:00+05:30,17800.6,17819.05,17796.1,17808.2,0
2023-04-12 13:45:00+05:30,17808.7,17811.7,17801.2,17808.3,0
2023-04-12 14:00:00+05:30,17808.35,17811.3,17796.95,17807.05,0
2023-04-12 14:15:00+05:30,17806.65,17813.0,17794.05,17802.3,0
2023-04-12 14:30:00+05:30,17803.1,17810.65,17780.25,17794.65,0
2023-04-12 14:45:00+05:30,17794.45,17795.8,17767.25,17778.35,0
2023-04-12 15:00:00+05:30,17778.35,17814.3,17778.35,17812.25,0
2023-04-12 15:15:00+05:30,17812.35,17824.3,17809.2,17817.9,0
2023-04-13 09:15:00+05:30,17807.3,17816.55,17771.4,17808.9,0
2023-04-13 09:30:00+05:30,17808.75,17827.25,17795.9,17798.8,0
2023-04-13 09:45:00+05:30,17798.6,17816.95,17792.05,17799.5,0
2023-04-13 10:00:00+05:30,17799.75,17801.6,17785.05,17792.4,0
2023-04-13 10:15:00+05:30,17792.3,17803.8,17783.6,17798.4,0
2023-04-13 10:30:00+05:30,17797.65,17805.7,17790.35,17792.45,0
2023-04-13 10:45:00+05:30,17792.25,17792.45,17757.15,17759.65,0
2023-04-13 11:00:00+05:30,17759.75,17767.45,17740.8,17747.6,0
2023-04-13 11:15:00+05:30,17746.9,17757.25,17736.75,17750.55,0
2023-04-13 11:30:00+05:30,17749.7,17760.95,17745.15,17760.75,0
2023-04-13 11:45:00+05:30,17760.4,17770.1,17758.15,17769.2,0
2023-04-13 12:00:00+05:30,17768.75,17768.75,17745.15,17746.6,0
2023-04-13 12:15:00+05:30,17745.6,17748.45,17735.3,17740.6,0
2023-04-13 12:30:00+05:30,17739.75,17753.35,17729.7,17752.35,0
2023-04-13 12:45:00+05:30,17751.85,17776.15,17747.15,17776.15,0
2023-04-13 13:00:00+05:30,17775.7,17777.6,17748.9,17750.0,0
2023-04-13 13:15:00+05:30,17749.9,17762.05,17744.9,17761.35,0
2023-04-13 13:30:00+05:30,17761.3,17779.6,17759.75,17770.55,0
2023-04-13 13:45:00+05:30,17771.5,17784.4,17761.25,17782.7,0
2023-04-13 14:00:00+05:30,17782.95,17793.5,17778.5,17780.6,0
2023-04-13 14:15:00+05:30,17780.55,17805.2,17779.95,17801.7,0
2023-04-13 14:30:00+05:30,17801.7,17810.95,17789.55,17795.55,0
2023-04-13 14:45:00+05:30,17795.35,17828.05,17793.9,17819.75,0
2023-04-13 15:00:00+05:30,17818.35,17837.4,17806.1,17836.55,0
2023-04-13 15:15:00+05:30,17836.85,17841.5,17826.4,17828.15,0
2023-04-17 09:15:00+05:30,17863.0,17863.0,17633.9,17634.45,0
2023-04-17 09:30:00+05:30,17633.65,17646.0,17620.7,17636.6,0
2023-04-17 09:45:00+05:30,17635.7,17651.15,17581.8,17583.25,0
2023-04-17 10:00:00+05:30,17583.6,17612.45,17574.35,17610.3,0
2023-04-17 10:15:00+05:30,17609.9,17649.05,17609.45,17640.65,0
2023-04-17 10:30:00+05:30,17640.6,17648.8,17625.35,17645.6,0
2023-04-17 10:45:00+05:30,17645.75,17676.55,17645.75,17655.2,0
2023-04-17 11:00:00+05:30,17655.6,17668.45,17637.3,17640.95,0
2023-04-17 11:15:00+05:30,17640.95,17656.4,17639.85,17644.4,0
2023-04-17 11:30:00+05:30,17644.3,17665.15,17640.3,17658.9,0
2023-04-17 11:45:00+05:30,17657.45,17666.95,17650.95,17659.45,0
2023-04-17 12:00:00+05:30,17659.95,17665.75,17643.95,17657.2,0
2023-04-17 12:15:00+05:30,17656.7,17683.85,17654.65,17682.6,0
2023-04-17 12:30:00+05:30,17682.0,17693.35,17673.75,17677.8,0
2023-04-17 12:45:00+05:30,17677.25,17691.1,17676.5,17680.35,0
2023-04-17 13:00:00+05:30,17680.55,17683.15,17654.9,17671.25,0
2023-04-17 13:15:00+05:30,17671.0,17673.4,17654.15,17667.9,0
2023-04-17 13:30:00+05:30,17667.65,17682.95,17658.6,17680.9,0
2023-04-17 13:45:00+05:30,17680.9,17688.15,17671.5,17687.15,0
2023-04-17 14:00:00+05:30,17687.15,17689.15,17677.3,17688.2,0
2023-04-17 14:15:00+05:30,17688.15,17697.2,17679.15,17694.3,0
2023-04-17 14:30:00+05:30,17694.7,17703.5,17670.3,17687.75,0
2023-04-17 14:45:00+05:30,17687.7,17693.9,17676.15,17685.9,0
2023-04-17 15:00:00+05:30,17686.65,17716.9,17685.5,17711.3,0
2023-04-17 15:15:00+05:30,17711.65,17715.2,17699.3,17704.1,0
2023-04-18 09:15:00+05:30,17766.6,17766.6,17712.9,17739.45,0
2023-04-18 09:30:00+05:30,17739.3,17747.9,17717.15,17720.8,0
2023-04-18 09:45:00+05:30,17720.5,17720.5,17663.85,17682.75,0
2023-04-18 10:00:00+05:30,17682.75,17684.2,17663.2,17670.35,0
2023-04-18 10:15:00+05:30,17670.25,17670.95,17651.15,17669.3,0
2023-04-18 10:30:00+05:30,17668.95,17694.3,17661.7,17693.45,0
2023-04-18 10:45:00+05:30,17693.35,17696.35,17678.2,17680.4,0
2023-04-18 11:00:00+05:30,17681.15,17686.65,17672.5,17681.8,0
2023-04-18 11:15:00+05:30,17681.9,17688.15,17677.6,17686.2,0
2023-04-18 11:30:00+05:30,17685.8,17687.65,17673.55,17674.9,0
2023-04-18 11:45:00+05:30,17675.1,17675.35,17659.4,17670.2,0
2023-04-18 12:00:00+05:30,17669.8,17685.75,17668.5,17682.15,0
2023-04-18 12:15:00+05:30,17682.6,17691.2,17679.2,17688.2,0
2023-04-18 12:30:00+05:30,17685.65,17698.45,17685.5,17694.2,0
2023-04-18 12:45:00+05:30,17693.9,17706.25,17689.65,17705.95,0
2023-04-18 13:00:00+05:30,17705.55,17709.85,17686.65,17690.1,0
2023-04-18 13:15:00+05:30,17690.15,17690.15,17665.3,17665.3,0
2023-04-18 13:30:00+05:30,17665.9,17670.3,17617.7,17619.1,0
2023-04-18 13:45:00+05:30,17620.2,17635.25,17610.75,17635.25,0
2023-04-18 14:00:00+05:30,17635.15,17644.0,17618.05,17636.4,0
2023-04-18 14:15:00+05:30,17636.3,17644.8,17623.9,17642.15,0
2023-04-18 14:30:00+05:30,17642.65,17648.6,17626.95,17642.1,0
2023-04-18 14:45:00+05:30,17642.85,17665.25,17637.85,17649.2,0
2023-04-18 15:00:00+05:30,17650.25,17673.6,17650.25,17656.1,0
2023-04-18 15:15:00+05:30,17655.9,17663.3,17650.05,17661.55,0
2023-04-19 09:15:00+05:30,17653.35,17657.3,17612.55,17635.0,0
2023-04-19 09:30:00+05:30,17635.15,17658.35,17629.55,17635.45,0
2023-04-19 09:45:00+05:30,17635.5,17645.9,17626.0,17631.0,0
2023-04-19 10:00:00+05:30,17631.35,17634.5,17615.8,17628.95,0
2023-04-19 10:15:00+05:30,17629.5,17639.05,17627.75,17637.8,0
2023-04-19 10:30:00+05:30,17637.8,17646.7,17626.75,17634.95,0
2023-04-19 10:45:00+05:30,17635.05,17646.85,17631.85,17639.35,0
2023-04-19 11:00:00+05:30,17639.7,17652.05,17639.7,17649.6,0
2023-04-19 11:15:00+05:30,17648.05,17650.6,17631.05,17635.9,0
2023-04-19 11:30:00+05:30,17635.95,17657.3,17632.1,17647.25,0
2023-04-19 11:45:00+05:30,17647.6,17654.1,17642.15,17653.25,0
2023-04-19 12:00:00+05:30,17653.65,17662.9,17648.2,17654.25,0
2023-04-19 12:15:00+05:30,17654.55,17662.25,17646.6,17654.4,0
2023-04-19 12:30:00+05:30,17655.55,17663.9,17653.3,17655.55,0
2023-04-19 12:45:00+05:30,17656.1,17665.6,17647.75,17655.2,0
2023-04-19 13:00:00+05:30,17655.6,17657.0,17631.5,17633.65,0
2023-04-19 13:15:00+05:30,17633.95,17635.95,17623.25,17626.55,0
2023-04-19 13:30:00+05:30,17628.25,17630.35,17594.1,17594.1,0
2023-04-19 13:45:00+05:30,17595.1,17608.0,17586.25,17598.4,0
2023-04-19 14:00:00+05:30,17598.0,17604.65,17580.0,17595.55,0
2023-04-19 14:15:00+05:30,17594.9,17613.8,17588.45,17608.95,0
2023-04-19 14:30:00+05:30,17608.85,17615.8,17594.6,17602.05,0
2023-04-19 14:45:00+05:30,17601.95,17609.95,17591.35,17596.5,0
2023-04-19 15:00:00+05:30,17594.3,17632.85,17593.65,17628.6,0
2023-04-19 15:15:00+05:30,17628.1,17629.35,17606.45,17610.2,0
2023-04-20 09:15:00+05:30,17638.6,17678.5,17615.2,17671.8,0
2023-04-20 09:30:00+05:30,17673.65,17683.75,17668.25,17672.5,0
2023-04-20 09:45:00+05:30,17673.05,17674.25,17641.95,17644.8,0
2023-04-20 10:00:00+05:30,17645.35,17649.55,17622.7,17628.2,0
2023-04-20 10:15:00+05:30,17628.2,17642.9,17606.65,17608.7,0
2023-04-20 10:30:00+05:30,17608.75,17610.9,17590.35,17593.3,0
2023-04-20 10:45:00+05:30,17593.95,17615.95,17592.1,17614.55,0
2023-04-20 11:00:00+05:30,17614.35,17617.3,17597.0,17611.25,0
2023-04-20 11:15:00+05:30,17611.35,17625.2,17611.35,17621.5,0
2023-04-20 11:30:00+05:30,17621.65,17632.8,17617.7,17618.3,0
2023-04-20 11:45:00+05:30,17618.1,17631.6,17610.95,17626.4,0
2023-04-20 12:00:00+05:30,17626.1,17627.85,17617.2,17620.55,0
2023-04-20 12:15:00+05:30,17619.95,17627.95,17615.3,17625.65,0
2023-04-20 12:30:00+05:30,17624.7,17625.8,17606.9,17613.4,0
2023-04-20 12:45:00+05:30,17613.15,17613.95,17603.4,17611.7,0
2023-04-20 13:00:00+05:30,17611.45,17612.35,17586.3,17597.85,0
2023-04-20 13:15:00+05:30,17597.95,17605.35,17595.65,17601.95,0
2023-04-20 13:30:00+05:30,17601.9,17603.8,17590.05,17596.75,0
2023-04-20 13:45:00+05:30,17596.75,17609.4,17589.5,17593.1,0
2023-04-20 14:00:00+05:30,17592.7,17599.5,17584.5,17594.75,0
2023-04-20 14:15:00+05:30,17594.6,17613.75,17593.65,17607.75,0
2023-04-20 14:30:00+05:30,17608.4,17615.0,17604.05,17609.0,0
2023-04-20 14:45:00+05:30,17608.8,17611.9,17602.45,17610.3,0
2023-04-20 15:00:00+05:30,17611.35,17634.2,17608.15,17634.2,0
2023-04-20 15:15:00+05:30,17633.9,17634.4,17620.05,17623.9,0
2023-04-21 09:15:00+05:30,17639.75,17661.75,17634.15,17660.75,0
2023-04-21 09:30:00+05:30,17660.5,17662.5,17620.45,17621.8,0
2023-04-21 09:45:00+05:30,17621.1,17639.1,17606.55,17607.95,0
2023-04-21 10:00:00+05:30,17607.4,17619.55,17605.7,17617.65,0
2023-04-21 10:15:00+05:30,17616.75,17620.0,17589.5,17597.6,0
2023-04-21 10:30:00+05:30,17597.8,17613.35,17595.95,17597.55,0
2023-04-21 10:45:00+05:30,17597.9,17607.35,17589.7,17602.85,0
2023-04-21 11:00:00+05:30,17602.7,17612.2,17597.0,17609.25,0
2023-04-21 11:15:00+05:30,17609.75,17612.15,17598.6,17604.5,0
2023-04-21 11:30:00+05:30,17604.9,17609.95,17597.8,17607.25,0
2023-04-21 11:45:00+05:30,17608.3,17612.9,17601.8,17608.05,0
2023-04-21 12:00:00+05:30,17609.35,17609.35,17591.2,17595.35,0
2023-04-21 12:15:00+05:30,17595.45,17598.3,17582.4,17582.7,0
2023-04-21 12:30:00+05:30,17582.75,17593.15,17578.0,17587.5,0
2023-04-21 12:45:00+05:30,17588.2,17591.5,17574.95,17575.05,0
2023-04-21 13:00:00+05:30,17575.7,17576.4,17554.1,17561.05,0
2023-04-21 13:15:00+05:30,17562.1,17587.7,17561.25,17586.5,0
2023-04-21 13:30:00+05:30,17587.1,17602.15,17584.35,17592.2,0
2023-04-21 13:45:00+05:30,17593.35,17614.15,17593.05,17604.0,0
2023-04-21 14:00:00+05:30,17604.75,17610.55,17596.3,17599.85,0
2023-04-21 14:15:00+05:30,17600.7,17629.3,17596.65,17629.3,0
2023-04-21 14:30:00+05:30,17630.15,17636.65,17614.8,17615.85,0
2023-04-21 14:45:00+05:30,17616.45,17632.2,17615.45,17627.9,0
2023-04-21 15:00:00+05:30,17630.0,17637.55,17620.95,17632.5,0
2023-04-21 15:15:00+05:30,17631.55,17631.55,17611.15,17618.9,0
2023-04-24 09:15:00+05:30,17707.55,17707.55,17653.05,17657.5,0
2023-04-24 09:30:00+05:30,17657.45,17657.85,17625.65,17627.0,0
2023-04-24 09:45:00+05:30,17625.7,17656.85,17625.15,17633.65,0
2023-04-24 10:00:00+05:30,17634.35,17637.25,17620.4,17633.15,0
2023-04-24 10:15:00+05:30,17631.2,17637.45,17621.45,17625.55,0
2023-04-24 10:30:00+05:30,17625.8,17644.95,17621.15,17633.25,0
2023-04-24 10:45:00+05:30,17633.15,17641.75,17629.55,17634.85,0
2023-04-24 11:00:00+05:30,17635.0,17640.45,17626.75,17638.7,0
2023-04-24 11:15:00+05:30,17638.6,17646.95,17626.75,17627.65,0
2023-04-24 11:30:00+05:30,17626.85,17632.4,17618.45,17624.2,0
2023-04-24 11:45:00+05:30,17623.65,17626.7,17612.7,17625.25,0
2023-04-24 12:00:00+05:30,17625.65,17638.65,17623.3,17637.35,0
2023-04-24 12:15:00+05:30,17637.25,17645.65,17630.65,17644.7,0
2023-04-24 12:30:00+05:30,17643.85,17661.8,17643.85,17656.6,0
2023-04-24 12:45:00+05:30,17656.55,17679.75,17656.55,17671.05,0
2023-04-24 13:00:00+05:30,17671.25,17687.7,17669.6,17687.0,0
2023-04-24 13:15:00+05:30,17687.75,17699.75,17687.6,17698.45,0
2023-04-24 13:30:00+05:30,17698.15,17719.0,17698.15,17711.1,0
2023-04-24 13:45:00+05:30,17711.1,17713.4,17696.2,17697.2,0
2023-04-24 14:00:00+05:30,17698.9,17720.2,17696.55,17716.75,0
2023-04-24 14:15:00+05:30,17716.8,17720.0,17705.65,17714.7,0
2023-04-24 14:30:00+05:30,17715.0,17717.35,17701.8,17706.7,0
2023-04-24 14:45:00+05:30,17705.95,17739.1,17705.75,17729.05,0
2023-04-24 15:00:00+05:30,17729.45,17748.9,17729.45,17748.0,0
2023-04-24 15:15:00+05:30,17747.65,17754.25,17740.6,17748.0,0
2023-04-25 09:15:00+05:30,17761.55,17766.05,17717.3,17728.7,0
2023-04-25 09:30:00+05:30,17729.0,17747.15,17726.4,17740.4,0
2023-04-25 09:45:00+05:30,17741.15,17751.5,17735.25,17736.9,0
2023-04-25 10:00:00+05:30,17737.0,17756.2,17732.5,17753.85,0
2023-04-25 10:15:00+05:30,17754.65,17764.55,17752.05,17758.9,0
2023-04-25 10:30:00+05:30,17758.45,17775.6,17753.8,17772.3,0
2023-04-25 10:45:00+05:30,17771.7,17774.55,17761.7,17765.15,0
2023-04-25 11:00:00+05:30,17765.1,17782.85,17757.95,17776.15,0
2023-04-25 11:15:00+05:30,17774.2,17791.9,17773.95,17782.2,0
2023-04-25 11:30:00+05:30,17783.1,17789.95,17779.0,17779.4,0
2023-04-25 11:45:00+05:30,17779.3,17789.2,17776.55,17784.6,0
2023-04-25 12:00:00+05:30,17784.85,17786.6,17769.8,17776.9,0
2023-04-25 12:15:00+05:30,17777.3,17782.05,17767.6,17770.7,0
2023-04-25 12:30:00+05:30,17770.2,17770.95,17748.9,17750.2,0
2023-04-25 12:45:00+05:30,17749.15,17772.65,17749.15,17770.7,0
2023-04-25 13:00:00+05:30,17770.7,17778.25,17763.55,17777.5,0
2023-04-25 13:15:00+05:30,17777.15,17782.6,17771.0,17775.05,0
2023-04-25 13:30:00+05:30,17774.7,17788.3,17769.8,17787.45,0
2023-04-25 13:45:00+05:30,17787.1,17789.3,17753.35,17761.3,0
2023-04-25 14:00:00+05:30,17761.65,17791.8,17757.15,17791.2,0
2023-04-25 14:15:00+05:30,17791.5,17807.25,17790.95,17798.7,0
2023-04-25 14:30:00+05:30,17799.0,17803.55,17789.15,17794.55,0
2023-04-25 14:45:00+05:30,17794.35,17798.85,17778.9,17780.7,0
2023-04-25 15:00:00+05:30,17782.25,17787.05,17765.75,17776.45,0
2023-04-25 15:15:00+05:30,17776.5,17776.6,17754.15,17761.95,0
2023-04-26 09:15:00+05:30,17767.3,17773.9,17737.4,17737.4,0
2023-04-26 09:30:00+05:30,17736.95,17743.85,17727.7,17733.65,0
2023-04-26 09:45:00+05:30,17733.3,17738.45,17711.95,17738.25,0
2023-04-26 10:00:00+05:30,17738.25,17757.75,17734.25,17751.55,0
2023-04-26 10:15:00+05:30,17752.0,17767.4,17751.5,17766.7,0
2023-04-26 10:30:00+05:30,17767.4,17773.95,17757.5,17760.2,0
2023-04-26 10:45:00+05:30,17760.4,17763.45,17751.9,17762.25,0
2023-04-26 11:00:00+05:30,17762.05,17778.25,17759.6,17774.05,0
2023-04-26 11:15:00+05:30,17773.85,17781.7,17770.2,17775.75,0
2023-04-26 11:30:00+05:30,17775.5,17780.0,17770.75,17776.25,0
2023-04-26 11:45:00+05:30,17776.1,17789.8,17774.1,17788.5,0
2023-04-26 12:00:00+05:30,17788.35,17791.45,17776.5,17778.9,0
2023-04-26 12:15:00+05:30,17778.3,17796.15,17775.8,17791.5,0
2023-04-26 12:30:00+05:30,17790.9,17809.55,17790.15,17803.05,0
2023-04-26 12:45:00+05:30,17803.25,17804.8,17780.75,17785.25,0
2023-04-26 13:00:00+05:30,17785.2,17788.5,17775.85,17781.3,0
2023-04-26 13:15:00+05:30,17780.8,17788.4,17767.2,17783.2,0
2023-04-26 13:30:00+05:30,17783.1,17792.45,17775.4,17780.7,0
2023-04-26 13:45:00+05:30,17780.8,17789.7,17779.4,17782.75,0
2023-04-26 14:00:00+05:30,17782.4,17795.0,17781.8,17794.7,0
2023-04-26 14:15:00+05:30,17795.0,17800.1,17776.5,17781.15,0
2023-04-26 14:30:00+05:30,17781.05,17788.75,17770.35,17782.6,0
2023-04-26 14:45:00+05:30,17782.6,17787.8,17776.5,17785.4,0
2023-04-26 15:00:00+05:30,17784.65,17820.7,17782.8,17816.4,0
2023-04-26 15:15:00+05:30,17816.0,17826.8,17810.25,17817.95,0
2023-04-27 09:15:00+05:30,17813.1,17830.85,17798.2,17830.35,0
2023-04-27 09:30:00+05:30,17829.5,17837.65,17807.45,17833.8,0
2023-04-27 09:45:00+05:30,17832.8,17846.05,17826.3,17835.85,0
2023-04-27 10:00:00+05:30,17836.35,17842.5,17828.25,17832.8,0
2023-04-27 10:15:00+05:30,17832.75,17845.5,17824.7,17842.6,0
2023-04-27 10:30:00+05:30,17843.5,17849.3,17834.45,17835.5,0
2023-04-27 10:45:00+05:30,17834.9,17841.05,17826.35,17830.2,0
2023-04-27 11:00:00+05:30,17830.4,17835.9,17824.65,17827.2,0
2023-04-27 11:15:00+05:30,17828.3,17845.95,17824.55,17843.3,0
2023-04-27 11:30:00+05:30,17843.4,17852.45,17838.95,17846.45,0
2023-04-27 11:45:00+05:30,17846.25,17858.95,17840.95,17855.65,0
2023-04-27 12:00:00+05:30,17854.4,17858.05,17847.15,17848.35,0
2023-04-27 12:15:00+05:30,17848.15,17850.5,17836.75,17847.95,0
2023-04-27 12:30:00+05:30,17847.95,17853.6,17841.95,17850.35,0
2023-04-27 12:45:00+05:30,17851.15,17855.95,17843.65,17849.3,0
2023-04-27 13:00:00+05:30,17848.9,17853.65,17842.35,17852.0,0
2023-04-27 13:15:00+05:30,17851.85,17874.85,17851.85,17872.6,0
2023-04-27 13:30:00+05:30,17873.25,17883.15,17872.5,17878.25,0
2023-04-27 13:45:00+05:30,17877.9,17891.05,17870.15,17888.5,0
2023-04-27 14:00:00+05:30,17887.95,17891.4,17881.8,17884.4,0
2023-04-27 14:15:00+05:30,17884.1,17885.05,17859.5,17875.3,0
2023-04-27 14:30:00+05:30,17875.3,17891.05,17873.65,17891.05,0
2023-04-27 14:45:00+05:30,17891.1,17895.4,17878.25,17887.7,0
2023-04-27 15:00:00+05:30,17886.3,17920.95,17884.8,17920.95,0
2023-04-27 15:15:00+05:30,17920.2,17931.25,17914.05,17923.2,0
2023-04-28 09:15:00+05:30,17950.4,17956.9,17895.7,17896.8,0
2023-04-28 09:30:00+05:30,17897.95,17922.5,17896.75,17911.75,0
2023-04-28 09:45:00+05:30,17911.7,17922.65,17905.3,17912.75,0
2023-04-28 10:00:00+05:30,17912.9,17919.6,17885.8,17889.2,0
2023-04-28 10:15:00+05:30,17889.0,17910.8,17887.45,17910.0,0
2023-04-28 10:30:00+05:30,17910.3,17915.45,17905.15,17907.35,0
2023-04-28 10:45:00+05:30,17907.2,17933.4,17903.95,17931.7,0
2023-04-28 11:00:00+05:30,17931.7,17948.6,17930.8,17946.2,0
2023-04-28 11:15:00+05:30,17946.1,17950.8,17935.35,17943.95,0
2023-04-28 11:30:00+05:30,17942.1,17953.75,17937.3,17953.5,0
2023-04-28 11:45:00+05:30,17953.65,17957.5,17944.55,17952.4,0
2023-04-28 12:00:00+05:30,17952.4,17971.15,17951.5,17963.9,0
2023-04-28 12:15:00+05:30,17963.7,17977.25,17955.95,17971.6,0
2023-04-28 12:30:00+05:30,17971.5,17973.35,17960.6,17970.55,0
2023-04-28 12:45:00+05:30,17969.55,17972.35,17959.0,17962.1,0
2023-04-28 13:00:00+05:30,17961.2,17975.6,17961.2,17973.3,0
2023-04-28 13:15:00+05:30,17973.05,17979.4,17966.35,17969.65,0
2023-04-28 13:30:00+05:30,17968.6,17980.35,17968.25,17978.9,0
2023-04-28 13:45:00+05:30,17979.7,17979.7,17970.9,17977.85,0
2023-04-28 14:00:00+05:30,17977.5,17989.35,17969.0,17981.8,0
2023-04-28 14:15:00+05:30,17981.55,17981.55,17962.95,17973.2,0
2023-04-28 14:30:00+05:30,17973.2,18003.05,17973.2,18002.4,0
2023-04-28 14:45:00+05:30,18002.8,18004.55,17981.3,17984.55,0
2023-04-28 15:00:00+05:30,17985.45,18070.75,17985.45,18064.05,0
2023-04-28 15:15:00+05:30,18063.7,18088.8,18046.35,18048.9,0
2023-05-02 09:15:00+05:30,18124.8,18161.05,18106.2,18161.05,0
2023-05-02 09:30:00+05:30,18161.45,18170.2,18153.2,18161.35,0
2023-05-02 09:45:00+05:30,18161.45,18163.7,18146.05,18161.65,0
2023-05-02 10:00:00+05:30,18161.95,18179.8,18153.3,18164.65,0
2023-05-02 10:15:00+05:30,18166.4,18169.05,18148.5,18149.95,0
2023-05-02 10:30:00+05:30,18149.25,18167.65,18143.1,18150.55,0
2023-05-02 10:45:00+05:30,18150.0,18157.5,18146.75,18154.95,0
2023-05-02 11:00:00+05:30,18154.6,18163.4,18131.2,18136.5,0
2023-05-02 11:15:00+05:30,18136.85,18156.0,18132.75,18152.05,0
2023-05-02 11:30:00+05:30,18152.0,18157.05,18144.55,18153.75,0
2023-05-02 11:45:00+05:30,18153.9,18159.35,18150.05,18155.55,0
2023-05-02 12:00:00+05:30,18155.65,18164.4,18152.55,18163.45,0
2023-05-02 12:15:00+05:30,18163.65,18164.6,18148.65,18150.65,0
2023-05-02 12:30:00+05:30,18150.95,18158.4,18143.45,18153.1,0
2023-05-02 12:45:00+05:30,18153.9,18170.85,18153.75,18169.55,0
2023-05-02 13:00:00+05:30,18169.6,18175.45,18165.6,18171.0,0
2023-05-02 13:15:00+05:30,18170.8,18179.5,18166.95,18168.0,0
2023-05-02 13:30:00+05:30,18168.05,18169.45,18155.2,18165.4,0
2023-05-02 13:45:00+05:30,18163.5,18173.85,18161.45,18171.05,0
2023-05-02 14:00:00+05:30,18169.35,18174.7,18155.9,18168.15,0
2023-05-02 14:15:00+05:30,18168.05,18169.05,18157.5,18168.15,0
2023-05-02 14:30:00+05:30,18168.15,18176.25,18158.6,18159.55,0
2023-05-02 14:45:00+05:30,18159.55,18166.25,18135.6,18149.7,0
2023-05-02 15:00:00+05:30,18151.75,18169.45,18141.9,18142.95,0
2023-05-02 15:15:00+05:30,18142.3,18147.55,18130.55,18136.05,0
2023-05-03 09:15:00+05:30,18113.8,18113.8,18050.8,18068.55,0
2023-05-03 09:30:00+05:30,18069.9,18086.35,18056.55,18078.9,0
2023-05-03 09:45:00+05:30,18077.65,18092.4,18070.0,18089.65,0
2023-05-03 10:00:00+05:30,18089.5,18092.1,18080.0,18083.55,0
2023-05-03 10:15:00+05:30,18083.65,18096.3,18083.65,18089.3,0
2023-05-03 10:30:00+05:30,18089.85,18110.3,18089.3,18107.65,0
2023-05-03 10:45:00+05:30,18107.4,18116.25,18101.75,18109.05,0
2023-05-03 11:00:00+05:30,18109.5,18110.15,18078.55,18078.9,0
2023-05-03 11:15:00+05:30,18078.9,18084.4,18072.35,18083.45,0
2023-05-03 11:30:00+05:30,18083.8,18087.55,18069.45,18070.55,0
2023-05-03 11:45:00+05:30,18070.45,18079.8,18063.4,18079.5,0
2023-05-03 12:00:00+05:30,18079.65,18084.25,18068.05,18069.55,0
2023-05-03 12:15:00+05:30,18069.1,18072.05,18061.3,18071.1,0
2023-05-03 12:30:00+05:30,18071.35,18085.65,18067.45,18074.95,0
2023-05-03 12:45:00+05:30,18075.1,18092.05,18074.7,18083.4,0
2023-05-03 13:00:00+05:30,18082.7,18094.95,18076.6,18078.85,0
2023-05-03 13:15:00+05:30,18077.9,18100.5,18073.6,18092.65,0
2023-05-03 13:30:00+05:30,18091.4,18096.8,18070.8,18078.4,0
2023-05-03 13:45:00+05:30,18078.65,18082.1,18043.35,18055.95,0
2023-05-03 14:00:00+05:30,18055.45,18074.2,18053.95,18069.0,0
2023-05-03 14:15:00+05:30,18069.35,18082.8,18064.35,18075.45,0
2023-05-03 14:30:00+05:30,18074.85,18101.05,18073.1,18081.55,0
2023-05-03 14:45:00+05:30,18081.6,18089.8,18072.45,18076.35,0
2023-05-03 15:00:00+05:30,18077.5,18098.75,18070.15,18098.0,0
2023-05-03 15:15:00+05:30,18098.1,18102.6,18077.65,18082.7,0
2023-05-04 09:15:00+05:30,18081.0,18118.65,18071.25,18117.4,0
2023-05-04 09:30:00+05:30,18118.2,18122.55,18102.7,18111.85,0
2023-05-04 09:45:00+05:30,18111.75,18119.35,18106.6,18119.0,0
2023-05-04 10:00:00+05:30,18119.25,18134.45,18114.95,18127.1,0
2023-05-04 10:15:00+05:30,18126.75,18135.7,18122.5,18132.3,0
2023-05-04 10:30:00+05:30,18132.7,18146.05,18131.0,18144.85,0
2023-05-04 10:45:00+05:30,18145.25,18150.95,18136.9,18146.35,0
2023-05-04 11:00:00+05:30,18146.15,18152.8,18144.15,18152.4,0
2023-05-04 11:15:00+05:30,18152.05,18158.55,18144.55,18148.1,0
2023-05-04 11:30:00+05:30,18147.05,18167.05,18147.05,18163.75,0
2023-05-04 11:45:00+05:30,18162.85,18167.05,18152.5,18166.0,0
2023-05-04 12:00:00+05:30,18166.0,18167.7,18151.4,18153.9,0
2023-05-04 12:15:00+05:30,18153.1,18173.0,18151.45,18166.3,0
2023-05-04 12:30:00+05:30,18165.85,18175.8,18162.3,18173.9,0
2023-05-04 12:45:00+05:30,18173.2,18178.7,18162.65,18166.9,0
2023-05-04 13:00:00+05:30,18167.4,18192.35,18161.95,18179.4,0
2023-05-04 13:15:00+05:30,18180.45,18185.65,18170.9,18181.9,0
2023-05-04 13:30:00+05:30,18182.15,18188.85,18175.85,18187.1,0
2023-05-04 13:45:00+05:30,18187.6,18194.5,18176.3,18179.95,0
2023-05-04 14:00:00+05:30,18181.3,18187.3,18172.55,18180.65,0
2023-05-04 14:15:00+05:30,18180.9,18208.7,18176.95,18198.6,0
2023-05-04 14:30:00+05:30,18199.0,18221.1,18198.95,18213.35,0
2023-05-04 14:45:00+05:30,18214.6,18228.9,18211.7,18228.85,0
2023-05-04 15:00:00+05:30,18229.05,18267.1,18228.8,18263.15,0
2023-05-04 15:15:00+05:30,18263.15,18264.2,18236.85,18238.6,0
2023-05-05 09:15:00+05:30,18117.3,18181.2,18117.3,18169.6,0
2023-05-05 09:30:00+05:30,18171.05,18186.15,18169.45,18177.25,0
2023-05-05 09:45:00+05:30,18176.6,18189.55,18172.55,18186.15,0
2023-05-05 10:00:00+05:30,18187.25,18204.95,18186.95,18199.85,0
2023-05-05 10:15:00+05:30,18199.4,18209.0,18191.75,18201.85,0
2023-05-05 10:30:00+05:30,18202.2,18214.95,18196.95,18212.5,0
2023-05-05 10:45:00+05:30,18212.9,18216.95,18205.65,18210.45,0
2023-05-05 11:00:00+05:30,18210.7,18211.15,18142.05,18160.7,0
2023-05-05 11:15:00+05:30,18157.75,18158.35,18113.2,18132.7,0
2023-05-05 11:30:00+05:30,18132.1,18148.25,18131.4,18140.8,0
2023-05-05 11:45:00+05:30,18141.45,18141.45,18098.85,18099.35,0
2023-05-05 12:00:00+05:30,18098.6,18137.1,18085.45,18137.1,0
2023-05-05 12:15:00+05:30,18137.1,18153.8,18126.95,18149.35,0
2023-05-05 12:30:00+05:30,18149.4,18153.55,18134.5,18147.35,0
2023-05-05 12:45:00+05:30,18147.15,18168.4,18141.1,18160.4,0
2023-05-05 13:00:00+05:30,18161.65,18162.4,18129.85,18153.7,0
2023-05-05 13:15:00+05:30,18154.05,18156.35,18138.95,18145.2,0
2023-05-05 13:30:00+05:30,18144.6,18160.75,18126.35,18139.95,0
2023-05-05 13:45:00+05:30,18140.45,18140.45,18102.95,18118.25,0
2023-05-05 14:00:00+05:30,18118.45,18143.7,18115.75,18140.75,0
2023-05-05 14:15:00+05:30,18140.75,18146.6,18113.15,18115.5,0
2023-05-05 14:30:00+05:30,18114.85,18124.2,18104.85,18121.45,0
2023-05-05 14:45:00+05:30,18121.1,18124.25,18086.7,18090.75,0
2023-05-05 15:00:00+05:30,18091.4,18092.25,18061.3,18071.95,0
2023-05-05 15:15:00+05:30,18071.0,18079.25,18055.7,18069.95,0
2023-05-08 09:15:00+05:30,18120.6,18192.1,18102.4,18178.45,0
2023-05-08 09:30:00+05:30,18177.9,18196.25,18176.85,18191.85,0
2023-05-08 09:45:00+05:30,18192.25,18218.2,18191.65,18211.7,0
2023-05-08 10:00:00+05:30,18210.9,18218.25,18190.55,18193.75,0
2023-05-08 10:15:00+05:30,18193.3,18238.3,18192.75,18233.6,0
2023-05-08 10:30:00+05:30,18233.1,18244.65,18220.55,18244.5,0
2023-05-08 10:45:00+05:30,18244.65,18251.65,18228.2,18234.6,0
2023-05-08 11:00:00+05:30,18234.65,18238.85,18219.3,18233.55,0
2023-05-08 11:15:00+05:30,18234.05,18239.2,18228.4,18234.35,0
2023-05-08 11:30:00+05:30,18234.6,18253.65,18231.65,18247.9,0
2023-05-08 11:45:00+05:30,18247.65,18264.05,18247.45,18258.45,0
2023-05-08 12:00:00+05:30,18259.05,18277.8,18248.75,18269.9,0
2023-05-08 12:15:00+05:30,18269.35,18272.15,18257.55,18260.9,0
2023-05-08 12:30:00+05:30,18261.2,18275.85,18260.95,18274.1,0
2023-05-08 12:45:00+05:30,18274.3,18277.3,18257.8,18265.15,0
2023-05-08 13:00:00+05:30,18265.25,18270.85,18258.05,18270.35,0
2023-05-08 13:15:00+05:30,18270.4,18282.9,18269.35,18280.05,0
2023-05-08 13:30:00+05:30,18279.8,18282.75,18268.0,18269.25,0
2023-05-08 13:45:00+05:30,18270.45,18284.35,18260.5,18283.1,0
2023-05-08 14:00:00+05:30,18282.55,18286.7,18274.3,18274.3,0
2023-05-08 14:15:00+05:30,18274.8,18277.3,18258.5,18271.65,0
2023-05-08 14:30:00+05:30,18271.25,18278.4,18256.25,18269.7,0
2023-05-08 14:45:00+05:30,18269.7,18275.0,18262.5,18265.25,0
2023-05-08 15:00:00+05:30,18265.1,18273.0,18246.85,18266.1,0
2023-05-08 15:15:00+05:30,18265.1,18283.7,18257.3,18269.75,0
2023-05-09 09:15:00+05:30,18303.4,18318.1,18293.2,18299.35,0
2023-05-09 09:30:00+05:30,18298.85,18316.25,18277.6,18314.05,0
2023-05-09 09:45:00+05:30,18316.35,18330.2,18314.65,18321.0,0
2023-05-09 10:00:00+05:30,18320.95,18332.0,18318.7,18331.2,0
2023-05-09 10:15:00+05:30,18331.2,18338.2,18326.9,18330.1,0
2023-05-09 10:30:00+05:30,18329.6,18334.45,18318.55,18332.95,0
2023-05-09 10:45:00+05:30,18333.25,18343.9,18330.8,18338.8,0
2023-05-09 11:00:00+05:30,18339.1,18343.35,18328.35,18330.55,0
2023-05-09 11:15:00+05:30,18330.15,18333.55,18319.75,18326.9,0
2023-05-09 11:30:00+05:30,18326.8,18337.75,18315.95,18330.1,0
2023-05-09 11:45:00+05:30,18330.5,18336.4,18323.25,18331.95,0
2023-05-09 12:00:00+05:30,18332.0,18336.95,18326.5,18328.25,0
2023-05-09 12:15:00+05:30,18329.3,18331.65,18318.45,18324.25,0
2023-05-09 12:30:00+05:30,18323.75,18332.2,18319.4,18326.6,0
2023-05-09 12:45:00+05:30,18326.5,18326.5,18294.9,18304.75,0
2023-05-09 13:00:00+05:30,18304.6,18306.5,18290.75,18292.85,0
2023-05-09 13:15:00+05:30,18292.6,18305.25,18278.95,18282.0,0
2023-05-09 13:30:00+05:30,18282.2,18288.95,18274.3,18283.25,0
2023-05-09 13:45:00+05:30,18283.75,18287.55,18254.25,18254.95,0
2023-05-09 14:00:00+05:30,18254.8,18273.0,18230.45,18260.85,0
2023-05-09 14:15:00+05:30,18260.15,18274.95,18249.2,18269.85,0
2023-05-09 14:30:00+05:30,18270.25,18281.9,18256.75,18257.9,0
2023-05-09 14:45:00+05:30,18257.05,18270.25,18249.25,18267.25,0
2023-05-09 15:00:00+05:30,18266.7,18281.25,18262.7,18268.35,0
2023-05-09 15:15:00+05:30,18269.15,18269.45,18253.95,18258.3,0
2023-05-10 09:15:00+05:30,18313.6,18322.3,18292.7,18305.6,0
2023-05-10 09:30:00+05:30,18304.15,18305.85,18237.95,18238.75,0
2023-05-10 09:45:00+05:30,18238.7,18254.3,18226.2,18226.2,0
2023-05-10 10:00:00+05:30,18226.2,18231.2,18212.75,18226.3,0
2023-05-10 10:15:00+05:30,18226.45,18253.95,18225.1,18252.4,0
2023-05-10 10:30:00+05:30,18252.5,18272.8,18241.35,18245.0,0
2023-05-10 10:45:00+05:30,18245.85,18255.4,18237.95,18241.45,0
2023-05-10 11:00:00+05:30,18242.65,18257.55,18239.3,18256.6,0
2023-05-10 11:15:00+05:30,18257.4,18266.6,18253.5,18264.15,0
2023-05-10 11:30:00+05:30,18263.0,18281.65,18259.05,18273.4,0
2023-05-10 11:45:00+05:30,18272.6,18290.25,18272.6,18275.85,0
2023-05-10 12:00:00+05:30,18276.3,18280.55,18264.7,18276.1,0
2023-05-10 12:15:00+05:30,18275.7,18287.3,18272.8,18276.9,0
2023-05-10 12:30:00+05:30,18276.8,18290.0,18273.05,18286.3,0
2023-05-10 12:45:00+05:30,18286.95,18297.25,18283.1,18288.95,0
2023-05-10 13:00:00+05:30,18287.8,18294.3,18282.8,18292.4,0
2023-05-10 13:15:00+05:30,18292.8,18298.95,18248.7,18254.35,0
2023-05-10 13:30:00+05:30,18255.6,18269.35,18244.3,18267.15,0
2023-05-10 13:45:00+05:30,18266.9,18282.25,18253.2,18278.35,0
2023-05-10 14:00:00+05:30,18278.6,18290.1,18270.15,18288.55,0
2023-05-10 14:15:00+05:30,18288.5,18305.15,18282.85,18287.65,0
2023-05-10 14:30:00+05:30,18287.95,18292.65,18277.1,18286.55,0
2023-05-10 14:45:00+05:30,18286.05,18291.25,18268.55,18287.25,0
2023-05-10 15:00:00+05:30,18286.7,18324.95,18283.1,18319.4,0
2023-05-10 15:15:00+05:30,18319.65,18326.3,18307.75,18311.1,0
2023-05-11 09:15:00+05:30,18357.8,18357.8,18300.05,18304.45,0
2023-05-11 09:30:00+05:30,18305.35,18327.5,18290.4,18312.05,0
2023-05-11 09:45:00+05:30,18311.7,18318.9,18291.15,18306.4,0
2023-05-11 10:00:00+05:30,18307.05,18330.5,18305.55,18323.2,0
2023-05-11 10:15:00+05:30,18323.65,18336.25,18311.6,18322.9,0
2023-05-11 10:30:00+05:30,18321.7,18347.1,18316.75,18332.85,0
2023-05-11 10:45:00+05:30,18334.0,18350.3,18331.5,18335.55,0
2023-05-11 11:00:00+05:30,18335.5,18336.25,18322.65,18326.55,0
2023-05-11 11:15:00+05:30,18327.4,18341.6,18324.05,18333.3,0
2023-05-11 11:30:00+05:30,18332.15,18333.05,18316.5,18326.75,0
2023-05-11 11:45:00+05:30,18327.7,18328.05,18301.9,18304.6,0
2023-05-11 12:00:00+05:30,18303.95,18319.0,18298.05,18307.5,0
2023-05-11 12:15:00+05:30,18306.8,18325.6,18306.3,18323.75,0
2023-05-11 12:30:00+05:30,18323.95,18329.3,18310.0,18311.95,0
2023-05-11 12:45:00+05:30,18312.0,18317.2,18304.3,18315.55,0
2023-05-11 13:00:00+05:30,18315.1,18330.0,18313.85,18320.25,0
2023-05-11 13:15:00+05:30,18320.9,18329.9,18309.65,18321.85,0
2023-05-11 13:30:00+05:30,18320.7,18331.75,18316.35,18320.8,0
2023-05-11 13:45:00+05:30,18320.8,18328.85,18305.0,18319.4,0
2023-05-11 14:00:00+05:30,18319.3,18326.15,18310.35,18321.75,0
2023-05-11 14:15:00+05:30,18321.55,18343.25,18311.85,18322.75,0
2023-05-11 14:30:00+05:30,18322.05,18329.6,18312.0,18317.75,0
2023-05-11 14:45:00+05:30,18318.2,18318.2,18270.8,18289.4,0
2023-05-11 15:00:00+05:30,18291.8,18305.85,18286.15,18299.65,0
2023-05-11 15:15:00+05:30,18298.85,18312.7,18289.9,18304.5,0
2023-05-12 09:15:00+05:30,18273.75,18273.75,18219.45,18233.25,0
2023-05-12 09:30:00+05:30,18233.25,18233.25,18195.55,18204.0,0
2023-05-12 09:45:00+05:30,18203.25,18244.65,18194.85,18234.2,0
2023-05-12 10:00:00+05:30,18234.25,18250.95,18227.75,18244.2,0
2023-05-12 10:15:00+05:30,18244.95,18262.2,18238.35,18249.6,0
2023-05-12 10:30:00+05:30,18249.5,18272.9,18249.5,18270.4,0
2023-05-12 10:45:00+05:30,18270.6,18282.75,18263.2,18276.75,0
2023-05-12 11:00:00+05:30,18277.35,18289.2,18273.0,18285.0,0
2023-05-12 11:15:00+05:30,18284.85,18290.5,18265.0,18270.45,0
2023-05-12 11:30:00+05:30,18269.6,18281.1,18266.9,18273.6,0
2023-05-12 11:45:00+05:30,18272.9,18284.5,18272.55,18283.4,0
2023-05-12 12:00:00+05:30,18283.65,18285.05,18275.8,18277.8,0
2023-05-12 12:15:00+05:30,18277.5,18293.2,18276.3,18291.65,0
2023-05-12 12:30:00+05:30,18291.65,18302.35,18289.4,18297.95,0
2023-05-12 12:45:00+05:30,18298.05,18308.1,18294.7,18307.4,0
2023-05-12 13:00:00+05:30,18307.4,18312.6,18299.95,18301.2,0
2023-05-12 13:15:00+05:30,18301.65,18313.25,18295.85,18295.85,0
2023-05-12 13:30:00+05:30,18296.3,18321.75,18296.3,18317.0,0
2023-05-12 13:45:00+05:30,18317.5,18333.95,18311.15,18331.9,0
2023-05-12 14:00:00+05:30,18332.2,18342.0,18329.0,18329.15,0
2023-05-12 14:15:00+05:30,18329.9,18333.35,18319.7,18321.05,0
2023-05-12 14:30:00+05:30,18321.55,18338.25,18310.95,18332.65,0
2023-05-12 14:45:00+05:30,18332.5,18337.25,18317.7,18329.35,0
2023-05-12 15:00:00+05:30,18328.8,18333.45,18308.35,18315.55,0
2023-05-12 15:15:00+05:30,18315.85,18320.05,18308.7,18312.2,0
2023-05-15 09:15:00+05:30,18339.3,18362.8,18291.5,18348.8,0
2023-05-15 09:30:00+05:30,18350.2,18366.5,18332.95,18364.75,0
2023-05-15 09:45:00+05:30,18363.65,18374.6,18361.85,18371.75,0
2023-05-15 10:00:00+05:30,18371.5,18386.75,18371.5,18383.45,0
2023-05-15 10:15:00+05:30,18383.75,18390.5,18374.35,18378.35,0
2023-05-15 10:30:00+05:30,18378.25,18391.85,18375.6,18384.0,0
2023-05-15 10:45:00+05:30,18384.6,18390.6,18367.8,18381.65,0
2023-05-15 11:00:00+05:30,18381.6,18402.2,18381.6,18397.85,0
2023-05-15 11:15:00+05:30,18397.65,18414.7,18397.35,18413.3,0
2023-05-15 11:30:00+05:30,18413.7,18420.3,18409.7,18415.0,0
2023-05-15 11:45:00+05:30,18415.1,18422.2,18412.75,18413.95,0
2023-05-15 12:00:00+05:30,18413.75,18422.9,18409.15,18420.0,0
2023-05-15 12:15:00+05:30,18420.15,18425.95,18414.4,18424.95,0
2023-05-15 12:30:00+05:30,18424.85,18432.0,18418.15,18432.0,0
2023-05-15 12:45:00+05:30,18431.8,18436.65,18427.55,18433.55,0
2023-05-15 13:00:00+05:30,18432.9,18437.35,18426.0,18433.8,0
2023-05-15 13:15:00+05:30,18433.2,18438.8,18427.4,18433.85,0
2023-05-15 13:30:00+05:30,18434.7,18445.9,18430.35,18444.8,0
2023-05-15 13:45:00+05:30,18444.25,18449.65,18442.85,18443.1,0
2023-05-15 14:00:00+05:30,18442.75,18454.2,18439.3,18451.9,0
2023-05-15 14:15:00+05:30,18451.9,18458.25,18426.9,18430.95,0
2023-05-15 14:30:00+05:30,18431.1,18441.2,18425.6,18435.15,0
2023-05-15 14:45:00+05:30,18434.8,18444.05,18431.3,18440.9,0
2023-05-15 15:00:00+05:30,18442.7,18442.7,18389.0,18390.0,0
2023-05-15 15:15:00+05:30,18389.6,18397.7,18384.6,18384.6,0
2023-05-16 09:15:00+05:30,18432.35,18432.35,18367.45,18391.25,0
2023-05-16 09:30:00+05:30,18391.7,18399.4,18360.3,18395.5,0
2023-05-16 09:45:00+05:30,18396.05,18412.85,18393.25,18393.8,0
2023-05-16 10:00:00+05:30,18394.05,18411.5,18391.55,18401.65,0
2023-05-16 10:15:00+05:30,18401.9,18406.15,18384.05,18385.75,0
2023-05-16 10:30:00+05:30,18385.6,18390.25,18363.65,18383.5,0
2023-05-16 10:45:00+05:30,18383.55,18391.25,18377.1,18388.95,0
2023-05-16 11:00:00+05:30,18388.75,18393.55,18371.9,18379.15,0
2023-05-16 11:15:00+05:30,18380.3,18380.9,18358.65,18362.35,0
2023-05-16 11:30:00+05:30,18361.95,18362.4,18347.6,18360.05,0
2023-05-16 11:45:00+05:30,18359.35,18367.55,18355.65,18356.0,0
2023-05-16 12:00:00+05:30,18355.8,18363.65,18353.4,18357.9,0
2023-05-16 12:15:00+05:30,18357.9,18368.1,18356.5,18366.75,0
2023-05-16 12:30:00+05:30,18366.55,18368.2,18346.2,18364.45,0
2023-05-16 12:45:00+05:30,18364.5,18366.2,18349.75,18352.15,0
2023-05-16 13:00:00+05:30,18352.25,18368.65,18350.3,18363.85,0
2023-05-16 13:15:00+05:30,18363.55,18366.15,18354.3,18361.85,0
2023-05-16 13:30:00+05:30,18361.95,18371.9,18354.5,18357.75,0
2023-05-16 13:45:00+05:30,18357.6,18377.45,18357.45,18365.4,0
2023-05-16 14:00:00+05:30,18364.65,18372.8,18336.8,18341.15,0
2023-05-16 14:15:00+05:30,18340.85,18351.8,18328.05,18344.5,0
2023-05-16 14:30:00+05:30,18344.65,18353.6,18337.5,18339.05,0
2023-05-16 14:45:00+05:30,18340.15,18344.35,18311.85,18320.6,0
2023-05-16 15:00:00+05:30,18320.35,18321.05,18279.3,18283.2,0
2023-05-16 15:15:00+05:30,18283.25,18290.4,18265.05,18276.75,0
2023-05-17 09:15:00+05:30,18300.45,18307.4,18256.9,18260.7,0
2023-05-17 09:30:00+05:30,18260.3,18276.45,18249.5,18259.9,0
2023-05-17 09:45:00+05:30,18260.4,18274.1,18249.5,18266.75,0
2023-05-17 10:00:00+05:30,18266.75,18274.3,18261.7,18268.75,0
2023-05-17 10:15:00+05:30,18267.85,18269.2,18235.0,18240.8,0
2023-05-17 10:30:00+05:30,18241.1,18249.2,18228.25,18228.65,0
2023-05-17 10:45:00+05:30,18228.35,18229.0,18218.45,18225.25,0
2023-05-17 11:00:00+05:30,18224.4,18233.25,18213.1,18231.0,0
2023-05-17 11:15:00+05:30,18231.2,18232.3,18211.6,18215.7,0
2023-05-17 11:30:00+05:30,18215.45,18216.2,18181.45,18181.9,0
2023-05-17 11:45:00+05:30,18181.7,18184.7,18150.35,18155.95,0
2023-05-17 12:00:00+05:30,18154.75,18157.2,18134.6,18147.7,0
2023-05-17 12:15:00+05:30,18148.05,18155.7,18137.25,18148.55,0
2023-05-17 12:30:00+05:30,18149.9,18168.15,18146.15,18163.1,0
2023-05-17 12:45:00+05:30,18162.95,18169.8,18136.05,18140.3,0
2023-05-17 13:00:00+05:30,18140.2,18146.1,18132.15,18132.7,0
2023-05-17 13:15:00+05:30,18131.65,18137.8,18119.4,18123.95,0
2023-05-17 13:30:00+05:30,18123.6,18135.15,18115.7,18132.7,0
2023-05-17 13:45:00+05:30,18132.4,18152.25,18129.75,18142.95,0
2023-05-17 14:00:00+05:30,18143.15,18150.7,18129.0,18138.8,0
2023-05-17 14:15:00+05:30,18138.7,18154.75,18132.35,18142.75,0
2023-05-17 14:30:00+05:30,18142.1,18176.25,18142.1,18174.7,0
2023-05-17 14:45:00+05:30,18176.7,18185.55,18157.8,18166.85,0
2023-05-17 15:00:00+05:30,18167.45,18185.65,18163.15,18184.0,0
2023-05-17 15:15:00+05:30,18183.9,18197.95,18182.65,18197.95,0
2023-05-18 09:15:00+05:30,18287.5,18296.45,18257.35,18273.8,0
2023-05-18 09:30:00+05:30,18272.95,18283.1,18238.55,18260.15,0
2023-05-18 09:45:00+05:30,18260.7,18264.9,18230.1,18247.6,0
2023-05-18 10:00:00+05:30,18248.7,18251.35,18214.05,18222.25,0
2023-05-18 10:15:00+05:30,18221.9,18240.2,18221.55,18235.6,0
2023-05-18 10:30:00+05:30,18235.1,18236.25,18219.3,18234.15,0
2023-05-18 10:45:00+05:30,18234.15,18237.75,18221.3,18234.05,0
2023-05-18 11:00:00+05:30,18234.35,18249.9,18229.95,18241.85,0
2023-05-18 11:15:00+05:30,18241.7,18256.5,18238.15,18240.55,0
2023-05-18 11:30:00+05:30,18240.75,18245.3,18228.6,18235.4,0
2023-05-18 11:45:00+05:30,18236.4,18258.75,18232.25,18247.75,0
2023-05-18 12:00:00+05:30,18247.7,18249.2,18221.25,18229.5,0
2023-05-18 12:15:00+05:30,18229.45,18230.15,18200.05,18208.95,0
2023-05-18 12:30:00+05:30,18209.45,18218.55,18201.95,18202.55,0
2023-05-18 12:45:00+05:30,18202.65,18205.6,18183.25,18186.25,0
2023-05-18 13:00:00+05:30,18186.25,18207.55,18185.85,18191.75,0
2023-05-18 13:15:00+05:30,18192.05,18206.8,18189.55,18205.3,0
2023-05-18 13:30:00+05:30,18204.95,18213.45,18191.25,18194.4,0
2023-05-18 13:45:00+05:30,18194.75,18208.4,18167.0,18195.85,0
2023-05-18 14:00:00+05:30,18195.7,18201.4,18166.3,18171.9,0
2023-05-18 14:15:00+05:30,18172.1,18186.15,18151.3,18180.25,0
2023-05-18 14:30:00+05:30,18180.9,18182.4,18144.3,18159.3,0
2023-05-18 14:45:00+05:30,18159.4,18167.85,18148.3,18150.25,0
2023-05-18 15:00:00+05:30,18151.4,18158.75,18105.4,18135.2,0
2023-05-18 15:15:00+05:30,18135.05,18142.0,18123.35,18134.65,0
2023-05-19 09:15:00+05:30,18186.15,18186.15,18130.7,18142.25,0
2023-05-19 09:30:00+05:30,18144.2,18145.8,18097.75,18118.2,0
2023-05-19 09:45:00+05:30,18118.25,18127.75,18084.25,18090.3,0
2023-05-19 10:00:00+05:30,18090.8,18094.7,18066.8,18082.5,0
2023-05-19 10:15:00+05:30,18083.35,18092.6,18074.55,18091.25,0
2023-05-19 10:30:00+05:30,18091.55,18101.5,18061.15,18073.2,0
2023-05-19 10:45:00+05:30,18072.95,18090.05,18072.45,18090.05,0
2023-05-19 11:00:00+05:30,18089.55,18116.55,18089.55,18114.8,0
2023-05-19 11:15:00+05:30,18115.25,18157.85,18111.3,18135.05,0
2023-05-19 11:30:00+05:30,18135.15,18142.2,18118.95,18141.75,0
2023-05-19 11:45:00+05:30,18141.8,18154.8,18136.7,18153.05,0
2023-05-19 12:00:00+05:30,18152.65,18158.4,18136.55,18137.9,0
2023-05-19 12:15:00+05:30,18137.9,18149.75,18129.6,18139.05,0
2023-05-19 12:30:00+05:30,18138.65,18138.9,18098.45,18117.1,0
2023-05-19 12:45:00+05:30,18117.3,18125.2,18108.2,18110.8,0
2023-05-19 13:00:00+05:30,18111.25,18134.8,18110.7,18121.15,0
2023-05-19 13:15:00+05:30,18121.2,18139.4,18120.75,18126.05,0
2023-05-19 13:30:00+05:30,18125.7,18128.2,18116.35,18125.2,0
2023-05-19 13:45:00+05:30,18125.1,18148.75,18118.65,18141.65,0
2023-05-19 14:00:00+05:30,18142.05,18168.55,18142.05,18164.7,0
2023-05-19 14:15:00+05:30,18164.35,18176.25,18161.65,18167.15,0
2023-05-19 14:30:00+05:30,18168.15,18190.7,18160.8,18182.55,0
2023-05-19 14:45:00+05:30,18182.95,18198.6,18176.3,18185.2,0
2023-05-19 15:00:00+05:30,18187.7,18217.0,18177.6,18204.25,0
2023-05-19 15:15:00+05:30,18205.25,18217.7,18201.45,18205.45,0
2023-05-22 09:15:00+05:30,18201.1,18258.0,18179.55,18250.75,0
2023-05-22 09:30:00+05:30,18250.6,18285.45,18246.8,18284.1,0
2023-05-22 09:45:00+05:30,18282.7,18294.1,18275.25,18275.65,0
2023-05-22 10:00:00+05:30,18275.15,18275.75,18231.1,18270.6,0
2023-05-22 10:15:00+05:30,18270.5,18278.15,18262.15,18272.9,0
2023-05-22 10:30:00+05:30,18273.9,18288.35,18265.65,18278.65,0
2023-05-22 10:45:00+05:30,18277.8,18305.2,18277.8,18303.15,0
2023-05-22 11:00:00+05:30,18302.95,18309.0,18291.05,18296.95,0
2023-05-22 11:15:00+05:30,18296.6,18306.65,18292.9,18297.4,0
2023-05-22 11:30:00+05:30,18296.75,18305.15,18287.7,18304.05,0
2023-05-22 11:45:00+05:30,18304.35,18310.35,18293.65,18299.75,0
2023-05-22 12:00:00+05:30,18299.45,18318.0,18288.65,18316.95,0
2023-05-22 12:15:00+05:30,18317.1,18325.05,18298.95,18298.95,0
2023-05-22 12:30:00+05:30,18299.1,18300.45,18283.55,18286.45,0
2023-05-22 12:45:00+05:30,18286.95,18302.3,18281.5,18297.4,0
2023-05-22 13:00:00+05:30,18297.1,18298.75,18280.4,18295.65,0
2023-05-22 13:15:00+05:30,18295.6,18302.35,18272.8,18278.65,0
2023-05-22 13:30:00+05:30,18278.2,18282.5,18250.75,18261.85,0
2023-05-22 13:45:00+05:30,18261.7,18291.1,18261.7,18287.65,0
2023-05-22 14:00:00+05:30,18288.7,18307.8,18284.7,18303.35,0
2023-05-22 14:15:00+05:30,18304.25,18314.95,18293.35,18294.95,0
2023-05-22 14:30:00+05:30,18294.3,18309.3,18289.05,18291.4,0
2023-05-22 14:45:00+05:30,18292.2,18323.05,18286.3,18310.2,0
2023-05-22 15:00:00+05:30,18310.5,18334.8,18308.0,18309.6,0
2023-05-22 15:15:00+05:30,18308.9,18318.1,18297.8,18303.3,0
2023-05-23 09:15:00+05:30,18362.9,18389.4,18353.25,18379.65,0
2023-05-23 09:30:00+05:30,18379.75,18408.7,18379.75,18404.65,0
2023-05-23 09:45:00+05:30,18405.7,18407.65,18383.7,18397.3,0
2023-05-23 10:00:00+05:30,18397.35,18401.9,18383.45,18391.4,0
2023-05-23 10:15:00+05:30,18391.55,18397.2,18381.15,18394.0,0
2023-05-23 10:30:00+05:30,18394.25,18407.15,18390.0,18406.3,0
2023-05-23 10:45:00+05:30,18405.95,18410.4,18398.4,18401.25,0
2023-05-23 11:00:00+05:30,18401.15,18412.7,18396.75,18411.85,0
2023-05-23 11:15:00+05:30,18411.7,18413.7,18393.65,18398.45,0
2023-05-23 11:30:00+05:30,18399.0,18407.95,18390.7,18406.85,0
2023-05-23 11:45:00+05:30,18407.15,18407.75,18394.55,18400.55,0
2023-05-23 12:00:00+05:30,18400.3,18410.0,18398.3,18406.45,0
2023-05-23 12:15:00+05:30,18406.2,18412.0,18394.8,18406.9,0
2023-05-23 12:30:00+05:30,18406.8,18411.25,18396.0,18407.55,0
2023-05-23 12:45:00+05:30,18406.9,18415.4,18398.6,18415.4,0
2023-05-23 13:00:00+05:30,18415.45,18419.65,18396.4,18398.6,0
2023-05-23 13:15:00+05:30,18399.3,18403.95,18388.9,18396.3,0
2023-05-23 13:30:00+05:30,18396.9,18406.15,18395.35,18396.9,0
2023-05-23 13:45:00+05:30,18397.1,18409.55,18395.75,18399.5,0
2023-05-23 14:00:00+05:30,18399.2,18407.2,18389.9,18400.35,0
2023-05-23 14:15:00+05:30,18400.8,18410.2,18394.65,18403.7,0
2023-05-23 14:30:00+05:30,18403.75,18405.75,18374.1,18379.45,0
2023-05-23 14:45:00+05:30,18380.4,18381.35,18357.8,18373.75,0
2023-05-23 15:00:00+05:30,18373.05,18376.3,18343.9,18343.9,0
2023-05-23 15:15:00+05:30,18344.25,18346.85,18324.45,18333.75,0
